Rk,Player,Pos,Age,Tm,G,GS,MP,FG,FGA,FG%,3P,3PA,3P%,2P,2PA,2P%,eFG%,FT,FTA,FT%,ORB,DRB,TRB,AST,STL,BLK,TOV,PF,PTS
1,Precious Achiuwa,PF-C,24,TOT,64,18,22.8,3.4,6.7,.502,0.4,1.4,.275,3.0,5.3,.564,.532,1.0,1.6,.610,2.7,4.1,6.8,1.4,0.7,1.0,1.2,1.9,8.1
1,Precious Achiuwa,C,24,TOR,25,0,17.5,3.1,6.8,.459,0.5,1.9,.277,2.6,4.9,.528,.497,1.0,1.7,.571,2.0,3.4,5.4,1.8,0.6,0.5,1.2,1.6,7.7
1,Precious Achiuwa,PF,24,NYK,39,18,26.2,3.5,6.6,.531,0.3,1.1,.273,3.2,5.5,.584,.554,1.0,1.6,.635,3.1,4.5,7.7,1.2,0.7,1.3,1.2,2.1,8.4
2,Bam Adebayo,C,26,MIA,61,61,34.4,7.6,14.7,.518,0.1,0.4,.320,7.5,14.3,.523,.522,4.3,5.8,.753,2.3,8.3,10.6,3.9,1.1,1.0,2.3,2.3,19.7
3,Ochai Agbaji,SG,23,TOT,71,22,20.5,2.3,5.6,.415,0.9,2.8,.305,1.5,2.7,.528,.492,0.4,0.6,.667,0.9,1.8,2.7,1.0,0.6,0.5,0.8,1.4,5.9
3,Ochai Agbaji,SG,23,UTA,51,10,19.7,2.1,4.9,.426,0.9,2.8,.331,1.2,2.1,.551,.520,0.3,0.4,.750,0.7,1.8,2.5,0.9,0.5,0.6,0.7,1.3,5.4
3,Ochai Agbaji,SG,23,TOR,20,12,22.5,2.9,7.3,.397,0.7,2.9,.241,2.2,4.4,.500,.445,0.7,1.1,.591,1.5,1.9,3.4,1.3,0.8,0.5,1.0,1.8,7.2
4,Santi Aldama,PF,23,MEM,59,33,26.6,4.1,9.5,.436,1.8,5.0,.351,2.4,4.5,.532,.530,0.9,1.5,.621,1.2,4.7,5.9,2.3,0.7,0.9,1.2,1.4,10.9
5,Nickeil Alexander-Walker,SG,25,MIN,71,19,23.6,2.7,6.3,.433,1.5,3.9,.382,1.2,2.4,.518,.552,0.6,0.8,.800,0.5,1.6,2.1,2.5,0.8,0.5,0.9,1.8,7.6
6,Grayson Allen,SG,28,PHO,66,66,33.7,4.5,8.8,.509,2.8,5.8,.479,1.7,3.0,.565,.666,1.7,2.0,.884,0.6,3.2,3.8,3.1,0.9,0.6,1.3,2.2,13.5
7,Jarrett Allen,C,25,CLE,67,67,31.7,6.5,10.4,.627,0.0,0.1,.000,6.5,10.3,.632,.627,3.2,4.2,.746,3.2,7.5,10.7,2.7,0.7,1.1,1.6,2.0,16.2
8,Jose Alvarado,PG,25,NOP,51,0,17.8,2.5,6.1,.408,1.3,3.5,.371,1.2,2.6,.458,.515,0.7,1.0,.680,0.4,1.8,2.3,2.1,1.1,0.3,0.7,1.5,6.9
9,Kyle Anderson,PF,30,MIN,68,10,22.9,2.6,5.5,.468,0.1,0.6,.225,2.4,4.9,.497,.480,1.3,1.8,.711,0.8,2.8,3.6,4.2,0.9,0.5,1.2,1.6,6.5
10,Giannis Antetokounmpo,PF,29,MIL,67,67,35.1,11.5,18.7,.614,0.5,1.7,.293,11.0,16.9,.647,.628,7.2,10.9,.660,2.7,8.8,11.4,6.4,1.2,1.0,3.5,2.9,30.6
11,Thanasis Antetokounmpo,PF,31,MIL,29,0,4.7,0.4,0.9,.500,0.0,0.0,.000,0.4,0.9,.520,.500,0.0,0.1,.000,0.2,0.2,0.4,0.5,0.2,0.1,0.4,0.8,0.9
12,Cole Anthony,PG,23,ORL,70,0,23.0,4.1,9.5,.434,1.1,3.3,.321,3.0,6.1,.497,.491,2.4,3.0,.821,0.9,3.1,4.0,3.0,0.8,0.5,1.6,2.3,11.7
13,OG Anunoby,SF,26,TOT,44,44,34.0,5.7,11.5,.492,2.0,5.5,.371,3.7,6.1,.601,.580,1.5,2.0,.767,1.0,3.4,4.3,2.3,1.3,0.7,1.6,2.3,14.9
13,OG Anunoby,SF,26,TOR,27,27,33.3,5.8,11.9,.489,2.3,6.0,.374,3.6,5.9,.608,.584,1.2,1.7,.717,0.9,3.0,3.9,2.7,1.0,0.5,1.6,2.3,15.1
13,OG Anunoby,SF,26,NYK,17,17,35.2,5.5,11.0,.497,1.6,4.5,.364,3.8,6.5,.591,.572,1.9,2.4,.825,1.1,3.9,4.9,1.6,1.7,1.1,1.6,2.4,14.5
14,Ryan Arcidiacono,PG,29,NYK,20,0,2.3,0.0,0.3,.000,0.0,0.3,.000,0.0,0.0,,.000,0.0,0.0,,0.0,0.4,0.4,0.2,0.1,0.0,0.1,0.3,0.0
15,Deni Avdija,SF,23,WAS,65,65,29.2,5.3,10.4,.509,1.2,3.0,.392,4.1,7.4,.556,.565,2.4,3.3,.726,1.2,5.8,7.0,3.7,0.8,0.4,2.0,2.5,14.2
16,Deandre Ayton,C,25,POR,47,47,32.3,7.3,12.6,.580,0.0,0.1,.333,7.3,12.5,.581,.581,1.2,1.5,.812,3.2,7.9,11.1,1.6,1.0,0.8,1.8,2.1,15.8
17,Udoka Azubuike,C,24,PHO,14,0,7.6,1.1,1.6,.727,0.0,0.0,,1.1,1.6,.727,.727,0.2,0.8,.273,0.8,1.5,2.3,0.2,0.1,0.4,0.3,1.2,2.5
18,Ibou Badji,C,21,POR,19,1,10.8,0.6,1.0,.632,0.0,0.0,,0.6,1.0,.632,.632,0.3,0.5,.500,1.0,1.5,2.5,0.7,0.1,1.1,0.7,2.2,1.5
19,Marvin Bagley III,C,24,TOT,46,22,21.0,4.7,8.2,.581,0.1,0.4,.316,4.6,7.7,.596,.589,2.0,2.7,.754,2.7,3.5,6.1,1.2,0.4,0.7,1.2,1.7,11.6
19,Marvin Bagley III,C,24,DET,26,10,18.4,4.1,7.0,.591,0.0,0.2,.167,4.1,6.7,.606,.594,1.9,2.3,.820,1.8,2.8,4.5,1.0,0.2,0.5,1.1,1.5,10.2
19,Marvin Bagley III,C,24,WAS,20,12,24.4,5.6,9.7,.572,0.3,0.7,.385,5.3,9.1,.586,.585,2.1,3.1,.689,3.9,4.4,8.2,1.4,0.6,0.8,1.3,1.9,13.5
20,Amari Bailey,PG,19,CHO,7,0,4.1,0.4,1.6,.273,0.0,0.7,.000,0.4,0.9,.500,.273,0.1,0.3,.500,0.3,0.0,0.3,0.3,0.1,0.0,0.1,0.0,1.0
Rk,Player,Pos,Age,Tm,G,GS,MP,FG,FGA,FG%,3P,3PA,3P%,2P,2PA,2P%,eFG%,FT,FTA,FT%,ORB,DRB,TRB,AST,STL,BLK,TOV,PF,PTS
21,Patrick Baldwin Jr.,SF,21,WAS,29,3,10.4,1.1,3.3,.347,0.6,1.9,.321,0.5,1.3,.385,.442,0.4,0.7,.684,0.4,2.3,2.7,0.7,0.3,0.4,0.4,1.1,3.3
22,LaMelo Ball,PG,22,CHO,22,22,32.3,8.3,19.2,.433,3.2,9.0,.355,5.1,10.3,.500,.515,4.1,4.7,.865,1.3,3.8,5.1,8.0,1.8,0.2,3.8,3.6,23.9
23,Mo Bamba,C,25,PHI,50,13,13.0,1.6,3.4,.482,0.5,1.1,.418,1.2,2.3,.513,.550,0.5,0.8,.643,1.4,2.7,4.0,0.8,0.4,1.0,0.7,1.8,4.3
24,Paolo Banchero,PF,21,ORL,69,69,34.8,8.1,17.4,.466,1.5,4.2,.365,6.6,13.2,.498,.510,4.9,6.9,.712,1.0,5.7,6.8,5.4,1.0,0.6,3.1,2.0,22.6
25,Desmond Bane,SG,25,MEM,41,41,34.2,8.6,18.5,.464,3.2,8.6,.379,5.3,10.0,.537,.551,3.3,3.8,.865,0.9,3.5,4.4,5.2,1.0,0.5,2.6,2.8,23.7
26,Dalano Banton,PG,24,TOT,45,8,16.3,3.0,7.2,.413,0.9,2.7,.322,2.1,4.5,.468,.474,1.4,1.9,.774,0.8,2.1,2.9,1.7,0.5,0.3,1.1,1.2,8.2
26,Dalano Banton,PG,24,BOS,24,1,7.1,0.8,2.1,.373,0.1,0.7,.125,0.7,1.5,.486,.392,0.7,0.8,.800,0.5,1.0,1.5,0.8,0.2,0.1,0.4,0.8,2.3
26,Dalano Banton,PG,24,POR,21,7,26.7,5.4,12.9,.421,1.8,5.0,.352,3.7,7.9,.464,.489,2.3,3.0,.766,1.1,3.4,4.5,2.8,0.8,0.6,1.9,1.6,15.0
27,Dominick Barlow,PF,20,SAS,32,1,13.0,1.8,3.5,.500,0.1,0.3,.333,1.7,3.2,.515,.513,0.9,1.3,.690,1.4,2.1,3.5,1.1,0.4,0.4,0.3,1.5,4.5
28,Harrison Barnes,PF,31,SAC,72,72,29.2,4.3,8.9,.480,1.9,4.7,.394,2.4,4.1,.577,.585,1.8,2.3,.804,0.8,2.2,2.9,1.2,0.7,0.2,0.7,1.3,12.2
29,Scottie Barnes,SG,22,TOR,60,60,34.9,7.5,15.7,.475,1.7,4.9,.341,5.8,10.8,.536,.528,3.3,4.2,.781,2.4,5.9,8.2,6.1,1.3,1.5,2.8,2.0,19.9
30,RJ Barrett,SG,23,TOT,53,53,31.6,7.3,14.9,.489,1.6,4.4,.369,5.6,10.5,.539,.543,3.4,4.8,.709,0.9,4.4,5.3,3.2,0.5,0.4,2.0,2.2,19.5
30,RJ Barrett,SG,23,NYK,26,26,29.5,6.3,14.9,.423,1.7,5.0,.331,4.7,9.9,.469,.478,4.0,4.8,.831,0.7,3.5,4.3,2.4,0.5,0.3,1.8,1.7,18.2
30,RJ Barrett,SG,23,TOR,27,27,33.7,8.2,14.8,.553,1.6,3.8,.417,6.6,11.0,.599,.606,2.9,4.8,.592,1.0,5.2,6.2,4.0,0.6,0.4,2.2,2.6,20.8
31,Charles Bassey,C,23,SAS,19,0,10.8,1.5,2.1,.725,0.0,0.1,.000,1.5,2.1,.744,.725,0.3,0.3,.833,1.2,2.8,4.0,1.1,0.4,0.9,0.8,1.6,3.3
32,Emoni Bates,SF,20,CLE,13,0,7.8,0.9,2.8,.324,0.7,2.2,.321,0.2,0.7,.333,.446,0.1,0.3,.250,0.1,0.8,0.8,0.5,0.1,0.2,0.2,0.4,2.6
33,Keita Bates-Diop,SF,28,TOT,53,8,12.5,1.4,3.1,.434,0.4,1.3,.304,1.0,1.8,.526,.497,0.6,0.8,.762,0.6,1.5,2.1,0.7,0.5,0.4,0.3,0.7,3.7
33,Keita Bates-Diop,SF,28,PHO,39,8,15.3,1.6,3.8,.427,0.5,1.6,.313,1.1,2.2,.512,.493,0.7,0.9,.722,0.8,1.8,2.6,0.9,0.6,0.5,0.3,0.8,4.5
33,Keita Bates-Diop,SF,28,BRK,14,0,4.9,0.6,1.1,.500,0.1,0.4,.200,0.5,0.8,.636,.531,0.4,0.4,1.000,0.1,0.6,0.6,0.3,0.2,0.1,0.1,0.1,1.6
34,Nicolas Batum,PF,35,TOT,50,34,24.7,1.8,4.0,.450,1.1,2.9,.385,0.7,1.2,.610,.587,0.3,0.4,.714,1.2,2.8,4.0,2.0,0.8,0.7,0.7,1.9,5.0
34,Nicolas Batum,PF,35,LAC,3,0,18.0,1.0,2.7,.375,0.7,2.3,.286,0.3,0.3,1.000,.500,0.0,0.0,,0.0,2.3,2.3,1.7,1.0,1.3,0.3,1.7,2.7
34,Nicolas Batum,PF,35,PHI,47,34,25.1,1.9,4.1,.454,1.1,2.9,.390,0.7,1.2,.603,.590,0.3,0.4,.714,1.3,2.9,4.1,2.1,0.7,0.6,0.7,1.9,5.2
35,Darius Bazley,PF,23,PHI,3,0,3.3,0.0,0.3,.000,0.0,0.0,,0.0,0.3,.000,.000,0.0,0.0,,0.0,0.3,0.3,0.7,0.0,0.0,0.3,0.0,0.0
36,Bradley Beal,SG,30,PHO,43,43,33.0,7.0,14.0,.503,1.6,4.3,.374,5.4,9.7,.561,.561,2.2,2.8,.798,0.9,3.3,4.1,5.1,1.0,0.3,2.5,2.4,17.9
37,Malik Beasley,SG,27,MIL,69,69,29.8,4.2,9.1,.456,2.9,6.8,.428,1.2,2.3,.538,.616,0.3,0.5,.688,0.6,3.3,3.9,1.4,0.8,0.1,0.7,2.0,11.6
38,MarJon Beauchamp,SF,23,MIL,46,1,12.9,1.6,3.4,.478,0.6,1.6,.389,1.0,1.8,.553,.567,0.4,0.6,.679,0.5,1.6,2.1,0.7,0.3,0.1,0.6,1.2,4.3
39,Jules Bernard,SG,24,WAS,13,0,7.6,1.5,3.5,.413,0.6,1.7,.364,0.8,1.8,.458,.500,0.2,0.5,.500,0.5,0.5,1.1,0.9,0.2,0.1,0.3,0.8,3.8
40,Dāvis Bertāns,PF,31,TOT,33,0,13.6,1.8,4.7,.372,1.5,4.0,.376,0.2,0.7,.348,.532,0.7,0.8,.885,0.2,1.1,1.3,0.8,0.5,0.2,0.3,1.1,5.7
40,Dāvis Bertāns,PF,31,OKC,15,0,6.1,0.7,1.7,.385,0.7,1.6,.417,0.0,0.1,.000,.577,0.9,1.0,.933,0.1,0.5,0.7,0.6,0.2,0.2,0.1,0.7,2.9
40,Dāvis Bertāns,PF,31,CHO,18,0,19.9,2.7,7.2,.369,2.2,6.1,.367,0.4,1.2,.381,.523,0.5,0.6,.818,0.3,1.5,1.8,1.0,0.7,0.3,0.5,1.4,8.1
Rk,Player,Pos,Age,Tm,G,GS,MP,FG,FGA,FG%,3P,3PA,3P%,2P,2PA,2P%,eFG%,FT,FTA,FT%,ORB,DRB,TRB,AST,STL,BLK,TOV,PF,PTS
41,Patrick Beverley,PG,35,TOT,66,7,19.6,2.1,5.1,.407,0.8,2.4,.327,1.3,2.7,.480,.485,1.0,1.2,.805,0.6,2.4,3.0,2.8,0.6,0.4,0.9,1.8,5.9
41,Patrick Beverley,PG,35,PHI,47,5,19.6,2.2,5.1,.432,0.7,2.3,.321,1.5,2.8,.523,.504,1.1,1.3,.810,0.6,2.4,3.1,3.1,0.5,0.4,1.0,1.8,6.3
41,Patrick Beverley,PG,35,MIL,19,2,19.6,1.7,4.9,.344,0.9,2.6,.340,0.8,2.3,.349,.435,0.8,1.0,.789,0.6,2.3,2.9,2.2,0.7,0.6,0.7,1.9,5.1
42,Saddiq Bey,SF,24,ATL,63,51,32.7,4.6,11.1,.416,1.8,5.7,.316,2.8,5.4,.522,.497,2.7,3.2,.837,2.7,3.9,6.5,1.5,0.8,0.2,0.9,1.4,13.7
43,Goga Bitadze,C,24,ORL,56,33,16.5,2.2,3.6,.610,0.0,0.2,.154,2.1,3.3,.642,.615,1.0,1.4,.667,1.9,3.0,4.9,1.4,0.5,1.3,0.7,1.8,5.4
44,Onuralp Bitim,SG,24,CHI,16,0,13.8,1.7,3.9,.429,0.6,2.0,.313,1.1,1.9,.548,.508,0.2,0.3,.750,0.4,1.4,1.8,0.7,0.2,0.1,0.4,1.2,4.2
45,Bismack Biyombo,C,31,TOT,36,27,21.0,1.9,3.4,.553,0.0,0.0,,1.9,3.4,.553,.553,0.7,1.4,.480,1.7,3.8,5.5,1.5,0.3,1.0,1.2,2.4,4.4
45,Bismack Biyombo,C,31,MEM,30,27,23.9,2.2,4.0,.563,0.0,0.0,,2.2,4.0,.563,.563,0.7,1.5,.478,1.9,4.5,6.4,1.7,0.3,1.1,1.3,2.7,5.2
45,Bismack Biyombo,C,31,OKC,6,0,6.2,0.2,0.7,.250,0.0,0.0,,0.2,0.7,.250,.250,0.3,0.7,.500,0.5,0.5,1.0,0.3,0.2,0.2,0.7,1.0,0.7
46,Anthony Black,PG,20,ORL,63,33,17.6,1.7,3.7,.460,0.5,1.4,.386,1.2,2.3,.503,.532,0.8,1.2,.623,0.5,1.7,2.2,1.4,0.5,0.3,0.8,1.7,4.7
47,Leaky Black,SF,24,CHO,22,3,9.9,0.8,1.8,.436,0.3,0.7,.467,0.5,1.1,.417,.526,0.4,0.6,.643,0.4,1.4,1.7,0.8,0.2,0.3,0.2,0.7,2.3
48,Buddy Boeheim,SF,24,DET,4,0,11.8,1.8,4.5,.389,1.5,4.0,.375,0.3,0.5,.500,.556,1.3,1.3,1.000,0.3,1.5,1.8,0.8,0.0,0.3,0.0,0.8,6.3
49,Bogdan Bogdanović,SG,31,ATL,68,22,29.8,5.9,13.9,.425,3.1,8.2,.376,2.8,5.6,.495,.536,1.7,1.9,.906,0.6,2.7,3.4,3.0,1.2,0.3,1.3,2.3,16.5
50,Bojan Bogdanović,PF-SF,34,TOT,46,27,28.2,5.7,12.8,.447,2.5,6.4,.393,3.2,6.4,.502,.546,2.3,2.9,.785,0.4,2.5,2.9,2.0,0.6,0.1,2.0,1.9,16.3
50,Bojan Bogdanović,PF,34,DET,28,27,32.9,7.1,15.2,.468,3.1,7.4,.415,4.0,7.8,.518,.569,2.9,3.7,.779,0.5,2.9,3.4,2.5,0.8,0.1,2.3,2.0,20.2
50,Bojan Bogdanović,SF,34,NYK,18,0,20.9,3.6,9.2,.394,1.7,4.9,.341,1.9,4.3,.455,.485,1.4,1.7,.806,0.3,1.9,2.2,1.1,0.3,0.1,1.6,1.7,10.3
51,Bol Bol,PF,24,PHO,34,0,11.2,2.4,3.8,.620,0.5,1.3,.395,1.9,2.5,.733,.686,0.4,0.5,.765,0.8,2.5,3.4,0.4,0.2,0.6,0.4,1.1,5.6
52,Marques Bolden,C,25,TOT,4,0,4.0,0.0,0.3,.000,0.0,0.0,,0.0,0.3,.000,.000,0.0,0.0,,0.0,0.8,0.8,0.0,0.0,0.0,0.3,0.5,0.0
52,Marques Bolden,C,25,MIL,2,0,1.5,0.0,0.0,,0.0,0.0,,0.0,0.0,,,0.0,0.0,,0.0,1.0,1.0,0.0,0.0,0.0,0.0,0.5,0.0
52,Marques Bolden,C,25,CHO,2,0,6.5,0.0,0.5,.000,0.0,0.0,,0.0,0.5,.000,.000,0.0,0.0,,0.0,0.5,0.5,0.0,0.0,0.0,0.5,0.5,0.0
53,Devin Booker,PG,27,PHO,58,58,35.8,9.7,19.6,.495,2.2,6.0,.364,7.5,13.6,.553,.551,5.8,6.6,.880,0.8,3.9,4.8,6.9,0.9,0.4,2.5,3.1,27.4
54,Brandon Boston Jr.,SF,22,LAC,26,0,8.5,1.6,3.7,.423,0.3,1.2,.300,1.2,2.6,.478,.469,0.6,0.8,.682,0.4,0.7,1.2,0.3,0.2,0.3,0.4,1.0,4.1
55,Chris Boucher,PF,31,TOR,50,0,14.1,2.2,4.3,.507,0.6,1.9,.330,1.6,2.5,.642,.578,1.4,1.8,.772,1.2,2.9,4.1,0.5,0.3,0.5,0.6,1.4,6.4
56,James Bouknight,SG,23,CHO,14,0,5.8,1.3,2.9,.439,0.9,2.1,.433,0.4,0.8,.455,.598,0.1,0.1,.500,0.1,0.6,0.6,0.4,0.1,0.1,0.1,0.2,3.6
57,Jamaree Bouyea,PG,24,POR,6,0,9.5,0.8,3.5,.238,0.0,1.3,.000,0.8,2.2,.385,.238,0.0,0.0,,0.3,1.3,1.7,1.3,0.0,0.0,1.3,0.5,1.7
58,Malaki Branham,PG,20,SAS,67,23,20.3,3.4,8.0,.423,1.1,3.3,.327,2.3,4.7,.490,.491,0.7,0.8,.926,0.4,1.6,1.9,2.1,0.4,0.1,1.1,1.2,8.6
59,Christian Braun,SG,22,DEN,72,2,19.4,2.7,5.7,.467,0.7,1.9,.373,2.0,3.8,.513,.528,1.1,1.7,.689,0.9,2.7,3.6,1.4,0.5,0.4,0.7,1.7,7.2
60,Mikal Bridges,SF,27,BRK,72,72,35.3,7.2,16.3,.438,2.6,7.2,.365,4.5,9.1,.495,.519,3.4,4.3,.810,0.8,3.9,4.7,3.7,1.0,0.4,2.2,1.5,20.4
Rk,Player,Pos,Age,Tm,G,GS,MP,FG,FGA,FG%,3P,3PA,3P%,2P,2PA,2P%,eFG%,FT,FTA,FT%,ORB,DRB,TRB,AST,STL,BLK,TOV,PF,PTS
61,Miles Bridges,SF,25,CHO,60,58,37.6,8.2,17.8,.459,2.3,6.5,.352,5.9,11.3,.521,.524,2.5,3.1,.810,1.1,6.4,7.5,3.3,1.0,0.5,2.1,1.8,21.2
62,Oshae Brissett,SF,25,BOS,48,1,11.7,1.2,2.7,.454,0.3,1.1,.294,0.9,1.6,.557,.512,0.9,1.4,.642,1.1,1.8,2.9,0.8,0.3,0.1,0.3,1.0,3.7
63,Izaiah Brockington,PG,24,NOP,1,0,3.0,2.0,5.0,.400,0.0,1.0,.000,2.0,4.0,.500,.400,0.0,0.0,,1.0,1.0,2.0,0.0,0.0,0.0,0.0,0.0,4.0
64,Malcolm Brogdon,PG,31,POR,39,25,28.7,5.6,12.7,.440,2.1,5.1,.412,3.5,7.6,.458,.522,2.4,3.0,.819,0.7,3.1,3.8,5.5,0.7,0.2,1.5,1.5,15.7
65,Armoni Brooks,PG,25,BRK,10,0,10.4,1.5,4.6,.326,1.1,3.2,.344,0.4,1.4,.286,.446,0.1,0.2,.500,0.7,1.1,1.8,0.5,0.1,0.1,0.3,0.3,4.2
66,Dillon Brooks,SF,28,HOU,62,62,30.9,4.6,10.6,.436,1.8,5.0,.364,2.8,5.6,.500,.522,1.8,2.1,.846,0.7,2.7,3.4,1.7,0.9,0.1,1.2,3.3,12.9
67,Bruce Brown,SG-PG,27,TOT,60,42,28.2,4.2,8.9,.466,0.8,2.5,.313,3.4,6.4,.526,.510,1.8,2.2,.846,0.9,3.6,4.4,2.9,0.9,0.3,1.3,2.2,10.9
67,Bruce Brown,SG,27,IND,33,33,29.7,4.5,9.5,.475,1.0,3.1,.327,3.5,6.5,.545,.527,2.0,2.5,.817,0.8,3.9,4.7,3.0,1.1,0.2,1.2,2.5,12.1
67,Bruce Brown,PG,27,TOR,27,9,26.4,3.7,8.1,.455,0.5,1.8,.286,3.2,6.3,.503,.486,1.6,1.8,.896,1.0,3.1,4.1,2.7,0.7,0.3,1.3,1.9,9.5
68,Charlie Brown Jr.,SG,26,NYK,8,0,4.6,0.3,1.3,.200,0.3,0.9,.286,0.0,0.4,.000,.300,0.0,0.0,,0.1,0.1,0.3,0.0,0.0,0.3,0.3,0.6,0.8
69,Greg Brown III,PF,22,DAL,6,0,6.7,0.8,1.8,.455,0.2,0.5,.333,0.7,1.3,.500,.500,0.7,1.5,.444,0.5,1.0,1.5,0.7,0.0,0.7,0.7,0.8,2.5
70,Jaylen Brown,SF,27,BOS,64,64,33.5,9.1,18.0,.503,2.1,5.9,.357,7.0,12.1,.575,.562,3.2,4.5,.699,1.2,4.4,5.6,3.6,1.2,0.5,2.3,2.6,23.4
71,Kendall Brown,SG,20,IND,11,0,3.5,0.5,0.8,.556,0.0,0.1,.000,0.5,0.7,.625,.556,0.4,0.5,.667,0.2,0.1,0.3,0.4,0.0,0.0,0.1,0.4,1.3
72,Kobe Brown,PF,24,LAC,38,0,7.9,0.7,1.7,.400,0.3,1.0,.308,0.4,0.7,.538,.492,0.0,0.1,.500,0.3,1.0,1.2,0.4,0.2,0.1,0.2,1.1,1.7
73,Moses Brown,C,24,POR,18,4,8.6,1.2,2.6,.457,0.0,0.0,,1.2,2.6,.457,.457,0.3,1.1,.250,1.6,2.2,3.8,0.3,0.1,0.3,0.4,1.2,2.6
74,Troy Brown Jr.,SF,24,TOT,49,6,11.9,1.4,3.4,.402,0.8,2.3,.342,0.6,1.1,.527,.518,0.6,0.6,.871,0.4,1.8,2.2,1.0,0.2,0.0,0.5,0.7,4.1
74,Troy Brown Jr.,SF,24,MIN,37,3,11.1,1.4,3.2,.441,0.8,2.3,.369,0.6,0.9,.618,.572,0.5,0.6,.864,0.4,1.6,1.9,0.9,0.2,0.1,0.5,0.7,4.2
74,Troy Brown Jr.,SF,24,DET,12,3,14.4,1.3,4.3,.314,0.7,2.5,.267,0.7,1.8,.381,.392,0.7,0.8,.889,0.3,2.5,2.8,1.0,0.1,0.0,0.5,0.7,4.0
75,Jalen Brunson,PG,27,NYK,66,66,35.1,9.8,20.6,.475,2.7,6.7,.402,7.1,13.9,.510,.541,5.2,6.1,.844,0.6,3.0,3.6,6.5,0.9,0.2,2.4,1.9,27.4
76,Thomas Bryant,C,26,MIA,35,4,11.0,1.9,3.4,.546,0.1,0.5,.167,1.8,2.9,.614,.559,1.0,1.2,.878,0.9,2.4,3.3,0.6,0.2,0.3,0.5,1.2,4.8
77,Kobe Bufkin,SG,20,ATL,9,0,9.9,1.4,4.1,.351,0.6,1.9,.294,0.9,2.2,.400,.419,0.2,0.4,.500,0.2,1.3,1.6,1.7,0.3,0.1,0.6,0.7,3.7
78,Reggie Bullock,SF,32,HOU,33,0,9.8,0.8,2.1,.412,0.7,1.7,.400,0.2,0.4,.462,.574,0.0,0.0,1.000,0.2,1.6,1.8,0.4,0.3,0.1,0.2,0.6,2.4
79,Alec Burks,SG,32,TOT,61,1,19.1,3.4,9.1,.374,2.0,5.3,.378,1.4,3.8,.370,.485,2.3,2.7,.867,0.4,2.0,2.3,1.4,0.4,0.2,0.8,1.2,11.1
79,Alec Burks,SG,32,DET,43,0,21.0,3.7,9.4,.394,2.3,5.7,.401,1.4,3.7,.384,.516,2.8,3.1,.903,0.4,2.2,2.6,1.6,0.5,0.3,0.7,1.5,12.6
79,Alec Burks,SG,32,NYK,18,1,14.8,2.6,8.2,.320,1.3,4.2,.303,1.3,3.9,.338,.398,1.2,1.7,.710,0.4,1.4,1.8,0.8,0.2,0.1,0.8,0.6,7.7
80,Jared Butler,SG,23,WAS,30,0,11.4,2.0,4.2,.465,0.5,1.7,.269,1.5,2.5,.600,.520,0.6,0.7,.864,0.2,0.9,1.1,2.7,0.6,0.2,1.1,1.1,5.0
Rk,Player,Pos,Age,Tm,G,GS,MP,FG,FGA,FG%,3P,3PA,3P%,2P,2PA,2P%,eFG%,FT,FTA,FT%,ORB,DRB,TRB,AST,STL,BLK,TOV,PF,PTS
81,Jimmy Butler,PF,34,MIA,50,50,34.1,6.8,13.6,.501,1.0,2.4,.415,5.8,11.3,.519,.537,6.8,7.9,.856,1.9,3.5,5.4,4.8,1.4,0.3,1.7,1.2,21.4
82,Jamal Cain,PF,24,MIA,20,1,12.1,1.6,3.7,.432,0.5,1.4,.321,1.2,2.3,.500,.493,0.9,1.2,.783,0.8,1.0,1.8,0.4,0.5,0.2,0.4,0.9,4.6
83,Kentavious Caldwell-Pope,SG,30,DEN,66,66,31.8,3.5,7.7,.451,1.5,3.9,.397,1.9,3.8,.506,.551,1.5,1.6,.925,0.4,2.0,2.3,2.4,1.4,0.5,1.0,1.9,9.9
84,Toumani Camara,PF,23,POR,69,48,24.8,2.8,6.2,.443,0.8,2.4,.327,2.0,3.8,.517,.507,1.1,1.4,.758,2.0,2.9,4.9,1.2,0.9,0.5,1.2,2.5,7.4
85,Clint Capela,C,29,ATL,63,63,25.3,4.8,8.6,.560,0.0,0.0,.000,4.8,8.5,.561,.560,1.8,2.7,.647,4.7,5.8,10.6,1.2,0.5,1.5,0.9,2.3,11.4
86,Jevon Carter,PG,28,CHI,66,0,13.8,1.9,5.0,.385,1.1,3.2,.337,0.8,1.8,.471,.492,0.1,0.1,.571,0.1,0.7,0.8,1.2,0.5,0.2,0.5,1.0,4.9
87,Wendell Carter Jr.,C,24,ORL,44,38,26.1,4.2,7.8,.530,1.1,3.0,.382,3.0,4.9,.621,.603,1.8,2.6,.698,2.0,4.9,7.0,1.8,0.5,0.5,1.3,2.2,11.3
88,D.J. Carton,SG,23,TOR,4,0,9.0,0.8,2.0,.375,0.3,1.0,.250,0.5,1.0,.500,.438,1.0,1.3,.800,0.5,0.5,1.0,0.8,0.3,0.0,0.3,0.8,2.8
89,Alex Caruso,SG,29,CHI,63,49,28.1,3.5,7.6,.464,1.8,4.6,.394,1.7,3.0,.575,.585,1.1,1.5,.761,0.9,2.9,3.8,3.2,1.6,1.0,1.3,2.6,10.0
90,Colin Castleton,C,23,LAL,7,0,5.1,1.0,1.4,.700,0.0,0.0,,1.0,1.4,.700,.700,0.6,0.6,1.000,0.6,0.7,1.3,0.4,0.0,0.0,0.1,1.0,2.6
91,Malcolm Cazalon,SG,22,DET,1,0,3.0,0.0,0.0,,0.0,0.0,,0.0,0.0,,,0.0,0.0,,0.0,0.0,0.0,0.0,0.0,0.0,0.0,0.0,0.0
92,Julian Champagnie,SF,22,SAS,64,49,17.8,1.9,4.8,.390,1.3,3.5,.360,0.6,1.3,.465,.519,0.9,1.1,.812,0.5,2.0,2.5,1.2,0.6,0.5,0.7,1.0,5.9
93,Justin Champagnie,SF,22,WAS,10,1,15.1,2.0,5.0,.400,1.0,3.2,.313,1.0,1.8,.556,.500,1.0,1.2,.833,1.1,1.8,2.9,1.2,0.6,0.6,0.9,1.2,6.0
94,Max Christie,SG,20,LAL,58,7,15.5,1.6,3.8,.432,0.7,1.9,.367,0.9,1.9,.495,.523,0.6,0.8,.773,0.2,2.1,2.3,0.9,0.3,0.3,0.6,1.0,4.6
95,Sidy Cissoko,SF,19,SAS,6,0,5.3,0.2,1.0,.167,0.0,0.7,.000,0.2,0.3,.500,.167,0.7,0.7,1.000,0.0,1.0,1.0,0.0,0.5,0.0,0.2,0.3,1.0
96,Jordan Clarkson,SG,31,UTA,55,19,30.6,6.1,14.8,.413,1.7,5.6,.294,4.5,9.2,.485,.469,3.2,3.7,.881,0.9,2.5,3.4,5.0,0.6,0.1,2.7,1.5,17.1
97,Nic Claxton,C,24,BRK,62,62,29.7,5.2,8.3,.632,0.0,0.1,.200,5.2,8.2,.636,.633,1.6,2.7,.589,2.7,7.1,9.8,2.0,0.6,2.0,1.2,2.5,12.1
98,Noah Clowney,PF,19,BRK,13,0,9.5,1.2,2.4,.516,0.2,0.9,.250,1.0,1.5,.684,.565,0.5,0.6,.750,0.6,1.4,2.0,0.7,0.2,0.2,0.5,0.5,3.2
99,Amir Coffey,SF,26,LAC,59,11,19.6,2.2,4.4,.502,0.9,2.2,.405,1.3,2.2,.602,.604,0.8,0.9,.889,0.4,1.6,1.9,1.1,0.5,0.2,0.5,1.4,6.1
100,John Collins,PF,26,UTA,66,64,28.0,5.8,10.9,.529,1.2,3.4,.359,4.6,7.6,.605,.584,2.0,2.6,.780,2.3,6.1,8.5,1.2,0.6,0.9,1.4,2.8,14.8
Rk,Player,Pos,Age,Tm,G,GS,MP,FG,FGA,FG%,3P,3PA,3P%,2P,2PA,2P%,eFG%,FT,FTA,FT%,ORB,DRB,TRB,AST,STL,BLK,TOV,PF,PTS
101,Zach Collins,C,26,SAS,59,27,22.7,4.3,8.9,.483,0.8,2.7,.310,3.5,6.3,.557,.529,1.7,2.4,.741,1.7,3.6,5.3,2.8,0.5,0.7,2.0,3.1,11.2
102,Mike Conley,PG,36,MIN,66,66,29.0,3.7,8.3,.448,2.2,5.2,.427,1.5,3.1,.483,.582,1.3,1.5,.897,0.5,2.4,2.9,6.0,1.1,0.2,1.2,1.7,11.0
103,Pat Connaughton,SF,31,MIL,66,2,21.7,2.0,4.4,.457,1.1,3.0,.370,0.9,1.4,.648,.584,0.5,0.7,.756,0.6,2.5,3.2,2.0,0.5,0.2,0.6,1.2,5.7
104,Bilal Coulibaly,SF,19,WAS,63,15,27.2,3.0,6.9,.435,1.0,2.9,.346,2.0,3.9,.502,.509,1.5,2.1,.702,0.9,3.2,4.1,1.7,0.9,0.8,1.4,2.2,8.4
105,Ricky Council IV,SG,22,PHI,25,0,9.0,1.8,3.8,.479,0.3,1.0,.308,1.5,2.8,.543,.521,2.0,2.6,.742,0.5,1.1,1.6,0.4,0.1,0.0,0.2,0.5,6.0
106,Robert Covington,SF-PF,33,TOT,29,6,16.8,1.5,3.4,.439,0.7,1.9,.339,0.8,1.4,.571,.536,0.8,0.9,.846,1.1,2.3,3.3,0.8,1.3,0.6,0.4,1.9,4.4
106,Robert Covington,PF,33,LAC,3,3,23.0,1.0,3.0,.333,0.7,2.7,.250,0.3,0.3,1.000,.444,0.3,0.7,.500,0.7,2.0,2.7,2.3,2.0,0.7,0.0,2.3,3.0
106,Robert Covington,SF,33,PHI,26,3,16.1,1.5,3.4,.449,0.7,1.8,.354,0.9,1.6,.561,.545,0.8,0.9,.875,1.1,2.3,3.4,0.7,1.3,0.6,0.4,1.9,4.5
107,Torrey Craig,SF,33,CHI,43,13,20.7,2.2,5.1,.427,1.2,3.2,.384,1.0,1.9,.500,.548,0.5,0.7,.742,1.4,2.8,4.3,1.2,0.6,0.4,0.6,2.2,6.1
108,Jae Crowder,PF,33,MIL,41,23,23.7,2.4,5.4,.450,1.2,3.3,.370,1.2,2.1,.576,.564,0.4,0.6,.692,0.5,2.8,3.3,1.4,0.9,0.2,0.4,1.7,6.5
109,Jalen Crutcher,PG,24,NOP,1,0,3.0,0.0,1.0,.000,0.0,0.0,,0.0,1.0,.000,.000,0.0,0.0,,0.0,0.0,0.0,0.0,0.0,0.0,0.0,0.0,0.0
110,Cade Cunningham,PG,22,DET,59,59,33.5,8.3,18.5,.447,1.9,5.4,.349,6.4,13.1,.488,.498,3.7,4.3,.866,0.5,3.8,4.3,7.6,0.9,0.4,3.5,2.5,22.1
111,Seth Curry,SG,33,TOT,44,4,14.0,1.8,4.6,.392,0.9,2.5,.352,1.0,2.2,.438,.485,0.6,0.7,.903,0.4,1.1,1.5,1.0,0.5,0.1,0.5,0.9,5.1
111,Seth Curry,SG,33,DAL,36,3,12.7,1.5,4.0,.372,0.8,2.2,.363,0.7,1.8,.385,.472,0.5,0.5,.895,0.4,1.0,1.4,0.8,0.5,0.1,0.4,0.9,4.3
111,Seth Curry,SG,33,CHO,8,1,19.9,3.3,7.4,.441,1.1,3.5,.321,2.1,3.9,.548,.517,1.4,1.5,.917,0.4,1.6,2.0,1.8,0.6,0.4,0.6,0.9,9.0
112,Stephen Curry,PG,35,GSW,65,65,32.7,8.8,19.6,.449,4.8,12.0,.403,4.0,7.6,.521,.572,4.2,4.6,.923,0.6,3.9,4.4,4.9,0.7,0.3,2.8,1.6,26.7
113,Dyson Daniels,PG,20,NOP,52,15,21.9,2.2,4.9,.438,0.6,2.1,.291,1.5,2.8,.548,.500,0.6,1.0,.640,1.0,2.7,3.7,2.6,1.4,0.4,1.0,1.6,5.5
114,Anthony Davis,C,30,LAL,68,68,35.9,9.4,17.1,.553,0.4,1.3,.289,9.1,15.8,.575,.564,5.4,6.7,.815,3.1,9.5,12.6,3.6,1.2,2.4,2.0,2.4,24.7
115,Johnny Davis,SG,21,WAS,41,2,11.0,1.1,3.0,.360,0.2,0.8,.258,0.9,2.3,.394,.392,0.2,0.4,.600,0.4,1.0,1.4,0.5,0.3,0.2,0.2,0.9,2.6
116,JD Davison,SG,21,BOS,6,0,1.8,0.3,0.5,.667,0.3,0.5,.667,0.0,0.0,,1.000,0.3,0.3,1.000,0.2,0.3,0.5,0.2,0.0,0.0,0.0,0.2,1.3
117,Dexter Dennis,SG,24,DAL,4,0,7.5,2.5,4.8,.526,0.3,2.0,.125,2.3,2.8,.818,.553,0.3,0.8,.333,0.3,2.0,2.3,1.0,0.0,0.3,0.8,0.3,5.5
118,DeMar DeRozan,SF,34,CHI,70,70,37.6,7.9,16.6,.474,0.9,2.8,.332,6.9,13.8,.503,.502,6.6,7.6,.860,0.6,3.7,4.3,5.3,1.1,0.6,1.5,2.1,23.3
119,Moussa Diabaté,C,22,LAC,11,0,5.8,0.9,1.7,.526,0.0,0.0,,0.9,1.7,.526,.526,0.8,1.3,.643,1.4,0.8,2.2,0.4,0.5,0.1,0.2,0.4,2.6
120,Mamadi Diakite,PF,27,TOT,4,0,4.8,1.0,1.5,.667,0.0,0.3,.000,1.0,1.3,.800,.667,1.0,1.5,.667,0.3,0.5,0.8,0.5,0.0,0.3,0.3,0.3,3.0
120,Mamadi Diakite,PF,27,SAS,3,0,5.3,1.3,1.7,.800,0.0,0.0,,1.3,1.7,.800,.800,1.3,2.0,.667,0.3,0.7,1.0,0.7,0.0,0.3,0.0,0.3,4.0
120,Mamadi Diakite,PF,27,NYK,1,0,3.0,0.0,1.0,.000,0.0,1.0,.000,0.0,0.0,,.000,0.0,0.0,,0.0,0.0,0.0,0.0,0.0,0.0,1.0,0.0,0.0
Rk,Player,Pos,Age,Tm,G,GS,MP,FG,FGA,FG%,3P,3PA,3P%,2P,2PA,2P%,eFG%,FT,FTA,FT%,ORB,DRB,TRB,AST,STL,BLK,TOV,PF,PTS
121,Hamidou Diallo,SG,25,WAS,2,0,2.5,0.5,1.0,.500,0.0,0.0,,0.5,1.0,.500,.500,0.0,0.0,,1.0,0.0,1.0,0.5,1.0,0.0,0.5,0.5,1.0
122,Gradey Dick,SG,20,TOR,51,10,19.5,2.7,6.5,.416,1.3,3.7,.356,1.4,2.8,.493,.517,0.6,0.7,.892,0.5,1.6,2.1,1.3,0.5,0.0,0.8,1.5,7.4
123,Ousmane Dieng,PF,20,OKC,31,0,11.0,1.4,3.4,.413,0.6,2.2,.299,0.7,1.2,.622,.510,0.5,0.5,.875,0.3,1.3,1.6,1.1,0.2,0.1,0.5,0.6,3.9
124,Spencer Dinwiddie,PG,30,TOT,66,51,29.2,3.5,9.0,.389,1.6,5.0,.326,1.8,3.9,.469,.481,2.3,2.8,.793,0.4,2.3,2.7,5.2,0.7,0.3,1.2,1.8,10.9
124,Spencer Dinwiddie,PG,30,BRK,48,48,30.7,4.1,10.4,.391,1.9,5.8,.320,2.2,4.6,.480,.480,2.6,3.3,.781,0.5,2.8,3.3,6.0,0.8,0.2,1.3,1.8,12.6
124,Spencer Dinwiddie,PG,30,LAL,18,3,25.1,1.9,5.1,.380,1.1,2.9,.358,0.9,2.2,.410,.484,1.3,1.6,.857,0.1,1.1,1.2,2.9,0.4,0.4,0.9,1.9,6.3
125,Donte DiVincenzo,SG,27,NYK,70,52,27.4,5.3,12.0,.442,3.3,8.4,.400,1.9,3.6,.538,.581,1.0,1.3,.734,0.8,2.7,3.5,2.6,1.3,0.4,1.4,2.1,14.9
126,Luka Dončić,PG,24,DAL,63,63,37.4,11.5,23.7,.487,3.9,10.3,.374,7.7,13.3,.575,.569,7.0,8.9,.787,0.8,8.2,9.1,9.8,1.5,0.5,4.0,2.1,33.9
127,Luguentz Dort,SF,24,OKC,69,69,28.4,3.6,8.2,.442,2.0,4.9,.402,1.6,3.2,.504,.564,1.5,1.8,.843,1.0,2.7,3.7,1.4,0.9,0.6,0.9,3.0,10.7
128,Ayo Dosunmu,SG,24,CHI,70,31,28.6,4.6,9.3,.494,1.5,3.9,.399,3.0,5.4,.562,.577,1.1,1.3,.806,0.7,2.1,2.8,3.1,0.9,0.5,1.3,2.1,11.8
129,Jeff Dowtin,PG,26,PHI,6,0,13.5,1.8,3.2,.579,1.2,2.3,.500,0.7,0.8,.800,.763,0.3,0.3,1.000,0.2,1.5,1.7,2.7,0.7,0.2,0.5,0.0,5.2
130,Henri Drell,SF,23,CHI,1,0,3.0,1.0,2.0,.500,0.0,1.0,.000,1.0,1.0,1.000,.500,0.0,0.0,,1.0,0.0,1.0,2.0,0.0,0.0,0.0,0.0,2.0
131,Andre Drummond,C,30,CHI,72,10,17.0,3.3,6.1,.550,0.0,0.0,.000,3.3,6.0,.554,.550,1.6,2.7,.585,3.3,5.4,8.8,0.5,0.9,0.6,1.0,1.7,8.3
132,Chris Duarte,SF,26,SAC,52,11,13.1,1.5,3.8,.393,0.8,2.3,.356,0.7,1.5,.449,.500,0.5,0.6,.788,0.5,1.5,1.9,0.8,0.5,0.1,0.4,1.4,4.3
133,Kris Dunn,PG,29,UTA,62,32,18.6,2.2,4.7,.471,0.6,1.7,.385,1.5,3.0,.519,.540,0.3,0.4,.680,0.7,2.0,2.8,3.9,1.0,0.4,1.2,2.0,5.3
134,Kevin Durant,PF,35,PHO,65,65,37.2,10.1,19.1,.528,2.2,5.3,.418,7.9,13.9,.570,.586,5.1,6.0,.854,0.5,6.1,6.7,5.3,0.9,1.3,3.3,1.8,27.6
135,Jalen Duren,C,20,DET,54,53,29.7,5.8,9.3,.625,0.0,0.1,.000,5.8,9.2,.629,.625,2.2,2.9,.776,3.3,8.6,11.9,2.5,0.5,0.8,2.1,3.3,13.8
136,Tari Eason,PF,22,HOU,22,0,21.8,4.0,8.6,.466,0.8,2.3,.360,3.2,6.3,.504,.513,1.0,1.5,.636,2.1,4.9,7.0,1.2,1.4,0.9,0.9,2.3,9.8
137,Anthony Edwards,SG,22,MIN,68,67,35.3,9.3,20.1,.465,2.5,6.7,.374,6.8,13.3,.510,.527,5.3,6.4,.831,0.6,4.9,5.5,5.2,1.3,0.6,3.1,1.8,26.4
138,Kessler Edwards,SF,23,SAC,46,0,4.9,0.6,1.5,.397,0.3,0.9,.341,0.3,0.6,.481,.500,0.1,0.1,.667,0.2,0.6,0.8,0.2,0.2,0.1,0.1,0.4,1.6
139,Keon Ellis,SG,24,SAC,47,11,15.1,1.6,3.3,.465,1.0,2.4,.391,0.6,0.9,.667,.608,0.3,0.5,.636,0.4,1.3,1.7,1.4,0.8,0.5,0.5,1.7,4.4
140,Joel Embiid,C,29,PHI,34,34,34.0,11.8,22.2,.533,1.2,3.3,.366,10.6,18.9,.562,.560,10.5,11.9,.883,2.6,8.7,11.3,5.7,1.1,1.8,3.7,2.9,35.3
Rk,Player,Pos,Age,Tm,G,GS,MP,FG,FGA,FG%,3P,3PA,3P%,2P,2PA,2P%,eFG%,FT,FTA,FT%,ORB,DRB,TRB,AST,STL,BLK,TOV,PF,PTS
141,Drew Eubanks,C,26,PHO,66,4,15.7,2.2,3.5,.623,0.0,0.0,1.000,2.1,3.4,.618,.629,1.0,1.3,.767,1.4,2.9,4.3,0.9,0.4,0.8,0.9,1.5,5.3
142,Tosan Evbuomwan,SF,22,TOT,12,3,17.8,1.9,4.2,.460,0.7,1.8,.364,1.3,2.3,.536,.540,0.8,1.2,.643,1.0,2.3,3.3,0.7,0.2,0.2,0.5,1.4,5.3
142,Tosan Evbuomwan,SF,22,MEM,4,0,18.5,1.0,3.8,.267,0.5,2.0,.250,0.5,1.8,.286,.333,0.0,0.0,,2.0,1.5,3.5,1.5,0.0,0.3,0.3,1.3,2.5
142,Tosan Evbuomwan,SF,22,DET,8,3,17.5,2.4,4.4,.543,0.8,1.8,.429,1.6,2.6,.619,.629,1.1,1.8,.643,0.5,2.6,3.1,0.3,0.3,0.1,0.6,1.5,6.6
143,Dante Exum,PG,28,DAL,46,15,19.2,3.1,5.6,.549,0.9,1.8,.506,2.1,3.7,.570,.632,1.1,1.4,.766,0.4,2.1,2.5,2.8,0.5,0.1,0.9,1.5,8.1
144,Bruno Fernando,C,25,ATL,34,1,13.4,2.2,3.8,.585,0.0,0.1,.000,2.2,3.7,.603,.585,1.1,1.7,.655,1.4,2.8,4.2,0.8,0.6,0.6,0.9,1.9,5.6
145,Dorian Finney-Smith,PF,30,BRK,62,50,28.4,3.2,7.6,.422,1.8,5.1,.357,1.4,2.6,.550,.540,0.5,0.6,.750,1.7,3.0,4.7,1.6,0.8,0.6,0.8,2.3,8.7
146,Adam Flagler,SG,24,OKC,1,0,6.0,0.0,3.0,.000,0.0,3.0,.000,0.0,0.0,,.000,0.0,0.0,,0.0,0.0,0.0,1.0,0.0,0.0,0.0,0.0,0.0
147,Malachi Flynn,PG,25,TOT,59,0,11.6,1.5,3.8,.401,0.7,2.1,.341,0.8,1.7,.475,.496,0.6,0.8,.761,0.3,1.3,1.6,1.7,0.5,0.1,0.8,0.9,4.4
147,Malachi Flynn,PG,25,TOR,31,0,15.3,1.8,4.4,.409,0.9,2.6,.350,0.9,1.8,.491,.511,0.5,0.7,.773,0.4,1.7,2.1,2.4,0.6,0.2,1.1,1.4,5.1
147,Malachi Flynn,PG,25,NYK,14,0,4.3,0.6,1.6,.391,0.3,0.9,.308,0.4,0.7,.500,.478,0.6,0.8,.818,0.0,0.4,0.4,0.4,0.1,0.0,0.2,0.2,2.2
147,Malachi Flynn,PG,25,DET,14,0,10.8,1.9,4.8,.388,0.8,2.4,.333,1.1,2.4,.441,.470,0.6,0.9,.692,0.4,1.1,1.5,1.4,0.6,0.1,0.6,0.6,5.1
148,Simone Fontecchio,SF,28,TOT,66,43,24.9,3.8,8.3,.460,2.0,5.1,.401,1.8,3.2,.551,.582,0.8,1.0,.818,1.0,2.8,3.7,1.5,0.7,0.3,1.0,1.7,10.5
148,Simone Fontecchio,SF,28,UTA,50,34,23.2,3.2,7.2,.450,1.8,4.7,.391,1.4,2.5,.560,.577,0.6,0.8,.800,1.0,2.5,3.5,1.5,0.6,0.4,1.0,1.6,8.9
148,Simone Fontecchio,SF,28,DET,16,9,30.3,5.7,11.9,.479,2.7,6.3,.426,3.0,5.6,.539,.592,1.4,1.6,.846,0.8,3.6,4.4,1.8,0.9,0.3,1.1,1.8,15.4
149,Jordan Ford,PG,25,SAC,6,0,3.7,0.7,1.2,.571,0.3,0.5,.667,0.3,0.7,.500,.714,0.3,0.3,1.000,0.0,0.3,0.3,0.3,0.0,0.0,0.2,0.0,2.0
150,Trent Forrest,SG,25,ATL,33,0,10.9,0.8,2.3,.368,0.1,0.3,.222,0.8,2.0,.388,.382,0.3,0.4,.786,0.3,1.0,1.3,2.4,0.3,0.1,0.5,0.8,2.1
151,Evan Fournier,SG,31,TOT,23,0,17.1,2.4,6.8,.353,1.1,4.2,.271,1.3,2.6,.483,.436,1.0,1.2,.889,0.2,1.7,1.9,1.6,1.0,0.1,0.7,1.6,7.0
151,Evan Fournier,SG,31,NYK,3,0,13.0,1.3,6.7,.200,0.7,5.0,.133,0.7,1.7,.400,.250,0.7,0.7,1.000,0.0,1.3,1.3,1.0,1.3,0.0,0.3,1.3,4.0
151,Evan Fournier,SG,31,DET,20,0,17.8,2.6,6.8,.375,1.2,4.1,.296,1.4,2.8,.491,.463,1.1,1.3,.880,0.2,1.8,2.0,1.7,0.9,0.2,0.8,1.7,7.4
152,De'Aaron Fox,PG,26,SAC,64,64,35.6,9.7,20.8,.466,2.8,7.6,.363,6.9,13.2,.525,.532,4.3,6.0,.730,1.0,3.5,4.5,5.6,2.0,0.4,2.7,2.6,26.5
153,Javon Freeman-Liberty,PG,24,TOR,12,2,14.7,1.8,4.3,.412,0.2,1.4,.118,1.6,2.8,.559,.431,1.3,1.4,.882,0.4,1.9,2.3,1.4,0.3,0.2,0.7,1.1,4.9
154,Alex Fudge,SF,20,LAL,4,0,3.5,0.3,1.5,.167,0.0,0.5,.000,0.3,1.0,.250,.167,0.5,0.5,1.000,0.5,0.0,0.5,0.0,0.0,0.0,0.3,0.3,1.0
155,Markelle Fultz,PG,25,ORL,33,15,21.5,3.5,7.5,.472,0.0,0.3,.091,3.5,7.2,.489,.474,0.5,0.8,.630,1.3,2.0,3.3,3.0,1.0,0.3,1.2,1.5,7.6
156,Andrew Funk,SG,24,CHI,2,0,1.5,0.0,0.5,.000,0.0,0.0,,0.0,0.5,.000,.000,0.0,0.0,,0.0,0.0,0.0,0.0,0.0,0.0,0.0,0.0,0.0
157,Wenyen Gabriel,PF,26,MEM,5,0,16.2,1.6,4.4,.364,0.2,1.2,.167,1.4,3.2,.438,.386,0.0,1.0,.000,1.4,3.6,5.0,0.6,0.4,0.4,1.6,2.0,3.4
158,Daniel Gafford,C-PF,25,TOT,65,57,24.8,4.7,6.6,.716,0.0,0.0,,4.7,6.6,.716,.716,1.8,2.6,.699,2.8,5.0,7.8,1.5,0.9,2.0,1.0,3.1,11.2
158,Daniel Gafford,C,25,WAS,45,45,26.5,4.5,6.5,.690,0.0,0.0,,4.5,6.5,.690,.690,1.9,2.6,.706,2.9,5.1,8.0,1.5,1.0,2.2,1.0,3.3,10.9
158,Daniel Gafford,PF,25,DAL,20,12,20.9,5.1,6.6,.773,0.0,0.0,,5.1,6.6,.773,.773,1.6,2.4,.681,2.6,4.9,7.5,1.5,0.8,1.8,0.9,2.9,11.8
159,Danilo Gallinari,PF-SF,35,TOT,45,0,13.2,1.8,4.0,.439,0.6,2.0,.322,1.1,2.0,.556,.519,1.7,2.0,.856,0.4,1.8,2.2,1.2,0.3,0.1,0.4,1.0,5.9
159,Danilo Gallinari,PF,35,WAS,26,0,14.8,2.2,5.0,.435,0.8,2.5,.313,1.4,2.6,.552,.511,1.8,2.2,.839,0.5,2.5,2.9,1.2,0.2,0.1,0.5,1.0,7.0
159,Danilo Gallinari,SF,35,DET,6,0,15.0,2.0,3.7,.545,1.2,2.0,.583,0.8,1.7,.500,.705,3.5,4.0,.875,0.3,2.0,2.3,2.0,0.3,0.3,0.2,1.5,8.7
159,Danilo Gallinari,SF,35,MIL,13,0,9.0,0.8,2.1,.370,0.2,1.1,.143,0.6,1.0,.615,.407,0.7,0.8,.900,0.3,0.5,0.8,0.7,0.3,0.1,0.4,0.8,2.4
160,Darius Garland,PG,24,CLE,48,48,33.2,6.7,14.8,.451,2.3,6.3,.368,4.4,8.5,.512,.529,2.8,3.3,.836,0.5,2.0,2.6,6.3,1.2,0.1,3.1,1.8,18.5
Rk,Player,Pos,Age,Tm,G,GS,MP,FG,FGA,FG%,3P,3PA,3P%,2P,2PA,2P%,eFG%,FT,FTA,FT%,ORB,DRB,TRB,AST,STL,BLK,TOV,PF,PTS
161,Usman Garuba,PF,21,GSW,3,0,2.7,0.0,0.3,.000,0.0,0.0,,0.0,0.3,.000,.000,0.0,0.0,,0.3,0.0,0.3,0.3,0.3,0.0,0.0,0.7,0.0
162,Luka Garza,C,25,MIN,18,0,5.3,1.3,3.1,.436,0.5,1.6,.321,0.8,1.5,.556,.518,0.7,1.0,.722,0.7,0.6,1.3,0.2,0.1,0.1,0.3,1.0,3.9
163,Kaiser Gates,SF,27,NOP,1,0,7.0,0.0,4.0,.000,0.0,2.0,.000,0.0,2.0,.000,.000,0.0,0.0,,0.0,1.0,1.0,0.0,0.0,0.0,0.0,0.0,0.0
164,Keyonte George,PG,20,UTA,65,34,26.4,4.2,10.6,.393,1.9,5.7,.339,2.2,4.9,.456,.484,2.5,3.0,.840,0.2,2.7,2.9,4.5,0.5,0.1,2.3,1.2,12.8
165,Paul George,PF,33,LAC,65,65,34.1,8.0,16.9,.471,3.3,8.2,.406,4.6,8.7,.533,.569,3.3,3.7,.896,0.5,4.7,5.2,3.6,1.6,0.5,2.0,2.8,22.5
166,Taj Gibson,PF,38,TOT,17,1,10.4,0.5,1.5,.320,0.1,0.5,.125,0.4,1.0,.412,.340,0.1,0.1,1.000,0.6,1.2,1.8,0.5,0.2,0.4,0.3,1.7,1.1
166,Taj Gibson,PF,38,NYK,16,1,10.3,0.4,1.4,.304,0.0,0.4,.000,0.4,1.1,.412,.304,0.1,0.1,1.000,0.6,1.1,1.8,0.6,0.1,0.4,0.3,1.8,1.0
166,Taj Gibson,PF,38,DET,1,0,11.0,1.0,2.0,.500,1.0,2.0,.500,0.0,0.0,,.750,0.0,0.0,,0.0,2.0,2.0,0.0,1.0,0.0,0.0,1.0,3.0
167,Josh Giddey,SG,21,OKC,70,70,24.7,4.8,10.3,.466,1.1,3.1,.346,3.7,7.2,.518,.518,1.1,1.3,.831,1.4,4.8,6.2,4.5,0.6,0.5,2.0,1.3,11.8
168,Harry Giles,C,25,TOT,21,0,4.4,1.1,2.2,.489,0.1,0.6,.250,1.0,1.7,.571,.521,0.3,0.6,.538,0.6,0.8,1.3,0.3,0.0,0.1,0.3,0.7,2.7
168,Harry Giles,C,25,BRK,16,0,5.1,1.4,2.8,.500,0.2,0.7,.273,1.2,2.1,.576,.534,0.4,0.8,.538,0.8,0.9,1.6,0.4,0.1,0.2,0.4,0.9,3.4
168,Harry Giles,C,25,LAL,5,0,2.4,0.2,0.6,.333,0.0,0.2,.000,0.2,0.4,.500,.333,0.0,0.0,,0.0,0.4,0.4,0.0,0.0,0.0,0.0,0.0,0.4
169,Shai Gilgeous-Alexander,PG,25,OKC,70,70,34.4,10.8,20.0,.540,1.3,3.5,.367,9.5,16.5,.577,.573,7.5,8.7,.871,0.9,4.7,5.6,6.3,2.1,0.9,2.2,2.5,30.4
170,Anthony Gill,PF,31,WAS,41,0,6.2,0.9,2.0,.475,0.1,0.5,.273,0.8,1.4,.552,.513,0.5,0.6,.808,0.5,0.8,1.4,0.5,0.2,0.2,0.5,0.5,2.5
171,Collin Gillespie,PG,24,DEN,21,0,9.6,1.4,2.9,.483,0.6,1.5,.419,0.8,1.4,.552,.592,0.3,0.5,.600,0.0,0.9,0.9,1.1,0.5,0.0,0.7,1.0,3.7
172,Jacob Gilyard,PG,25,TOT,38,14,17.5,1.6,3.8,.411,1.3,3.2,.418,0.2,0.6,.375,.586,0.1,0.1,1.000,0.2,0.9,1.1,3.5,0.7,0.1,0.8,1.0,4.6
172,Jacob Gilyard,PG,25,MEM,37,14,17.7,1.6,3.9,.417,1.4,3.2,.425,0.2,0.6,.375,.594,0.1,0.1,1.000,0.2,0.9,1.2,3.5,0.7,0.1,0.8,0.9,4.7
172,Jacob Gilyard,PG,25,BRK,1,0,11.0,0.0,2.0,.000,0.0,2.0,.000,0.0,0.0,,.000,0.0,0.0,,0.0,0.0,0.0,1.0,1.0,0.0,0.0,2.0,0.0
173,Rudy Gobert,C,31,MIN,65,65,34.0,5.2,8.1,.646,0.0,0.0,.000,5.2,8.0,.650,.646,3.2,4.9,.647,3.7,9.2,12.9,1.2,0.6,2.1,1.6,3.1,13.6
174,Jordan Goodwin,PG,25,TOT,49,7,16.4,2.1,5.6,.370,0.6,2.3,.279,1.4,3.4,.430,.426,0.6,0.8,.732,1.1,2.2,3.3,2.4,0.8,0.4,0.9,1.2,5.4
174,Jordan Goodwin,PG,25,PHO,40,0,14.0,1.9,4.8,.389,0.6,2.0,.288,1.3,2.8,.460,.448,0.6,0.7,.862,1.0,1.9,2.9,2.0,0.6,0.2,0.7,1.1,5.0
174,Jordan Goodwin,PG,25,MEM,9,7,27.6,3.0,9.2,.325,0.9,3.4,.258,2.1,5.8,.365,.373,0.6,1.3,.417,1.4,3.7,5.1,4.6,1.6,1.0,1.9,1.7,7.4
175,Aaron Gordon,PF,28,DEN,65,65,31.5,5.5,9.9,.553,0.5,1.8,.280,5.0,8.1,.615,.579,2.3,3.6,.652,2.4,4.1,6.5,3.4,0.8,0.6,1.4,1.9,13.8
176,Eric Gordon,SG,35,PHO,59,24,28.8,4.3,9.4,.456,2.4,6.0,.394,1.9,3.5,.564,.581,0.8,1.0,.797,0.3,1.7,2.0,2.2,0.9,0.5,1.2,1.3,11.8
177,Devonte' Graham,PG,28,SAS,15,0,8.3,1.1,2.7,.390,0.7,2.0,.333,0.4,0.7,.545,.512,0.5,0.6,.778,0.1,1.2,1.3,1.4,0.3,0.1,0.3,0.4,3.3
178,Jerami Grant,PF,29,POR,54,54,33.9,7.1,15.7,.451,2.1,5.1,.402,5.0,10.6,.474,.516,4.7,5.8,.817,0.7,2.9,3.5,2.8,0.8,0.6,2.1,2.2,21.0
179,A.J. Green,SG,24,MIL,48,0,10.3,1.5,3.5,.431,1.3,3.0,.417,0.3,0.5,.522,.611,0.3,0.3,.938,0.2,1.0,1.2,0.6,0.1,0.0,0.2,0.9,4.6
180,Danny Green,SG,36,PHI,2,0,9.0,0.0,1.0,.000,0.0,0.5,.000,0.0,0.5,.000,.000,0.0,0.0,,0.0,1.0,1.0,0.5,0.5,0.0,0.0,0.5,0.0
Rk,Player,Pos,Age,Tm,G,GS,MP,FG,FGA,FG%,3P,3PA,3P%,2P,2PA,2P%,eFG%,FT,FTA,FT%,ORB,DRB,TRB,AST,STL,BLK,TOV,PF,PTS
181,Draymond Green,PF,33,GSW,46,43,27.0,3.4,7.0,.485,0.9,2.4,.387,2.5,4.6,.535,.551,1.1,1.4,.754,1.4,6.0,7.3,6.0,0.8,0.9,2.4,3.0,8.8
182,Jalen Green,SG,21,HOU,71,71,31.4,6.8,16.1,.424,2.4,7.2,.334,4.4,8.9,.496,.498,3.5,4.4,.806,0.5,4.5,5.0,3.4,0.8,0.4,2.2,1.3,19.6
183,Jeff Green,PF,37,HOU,67,5,16.8,2.1,4.5,.468,0.6,1.8,.345,1.5,2.7,.550,.537,1.6,2.0,.811,0.6,1.7,2.2,0.9,0.2,0.4,0.7,1.4,6.4
184,Josh Green,SG,23,DAL,54,32,26.6,3.2,6.6,.493,1.3,3.3,.401,1.9,3.3,.584,.593,0.7,1.0,.673,0.7,2.5,3.2,2.3,0.8,0.2,1.1,1.9,8.5
185,AJ Griffin,SF,20,ATL,18,0,7.3,0.7,2.5,.289,0.5,1.8,.273,0.2,0.7,.333,.389,0.1,0.1,1.000,0.1,0.7,0.8,0.2,0.1,0.1,0.3,0.3,2.1
186,Quentin Grimes,SG,23,TOT,51,18,20.1,2.4,6.4,.372,1.6,4.7,.338,0.8,1.7,.466,.495,0.7,0.9,.756,0.3,1.7,2.0,1.3,0.7,0.1,0.5,1.5,7.0
186,Quentin Grimes,SG,23,NYK,45,18,20.2,2.5,6.4,.395,1.7,4.7,.363,0.8,1.6,.486,.530,0.5,0.8,.706,0.3,1.6,2.0,1.2,0.7,0.1,0.5,1.5,7.3
186,Quentin Grimes,SG,23,DET,6,0,19.2,1.5,7.0,.214,0.7,4.7,.143,0.8,2.3,.357,.262,1.7,1.8,.909,0.2,1.8,2.0,2.3,0.8,0.7,1.2,1.5,5.3
187,Mouhamadou Gueye,PF,25,TOR,6,0,7.7,0.7,2.3,.286,0.0,0.2,.000,0.7,2.2,.308,.286,0.2,0.7,.250,0.8,0.5,1.3,0.0,0.2,1.2,0.7,0.8,1.5
188,Mouhamed Gueye,PF,21,ATL,2,0,2.0,0.0,0.5,.000,0.0,0.5,.000,0.0,0.0,,.000,0.0,0.0,,0.0,0.0,0.0,0.0,0.5,0.0,0.0,0.5,0.0
189,Rui Hachimura,PF,25,LAL,58,29,26.0,5.1,9.6,.527,1.3,3.2,.403,3.8,6.4,.589,.594,1.4,1.9,.730,0.8,3.2,3.9,1.1,0.6,0.3,0.7,1.5,12.8
190,Ashton Hagans,PG,24,POR,15,1,17.3,1.6,3.9,.414,0.3,1.2,.278,1.3,2.7,.475,.457,0.7,0.9,.769,0.7,1.8,2.5,2.9,0.6,0.6,1.7,2.3,4.2
191,Tyrese Haliburton,PG,23,IND,60,59,32.3,7.4,15.4,.479,2.8,7.7,.367,4.6,7.7,.591,.571,2.8,3.3,.857,0.5,3.4,3.9,11.2,1.2,0.7,2.4,1.0,20.4
192,R.J. Hampton,PG,22,MIA,8,2,9.5,0.5,1.8,.286,0.1,1.0,.125,0.4,0.8,.500,.321,0.1,0.3,.500,0.3,0.5,0.8,1.0,0.0,0.0,0.4,1.0,1.3
193,Tim Hardaway Jr.,SF,31,DAL,69,10,27.6,5.3,13.0,.407,2.8,7.9,.361,2.4,5.1,.479,.517,2.0,2.3,.851,0.3,3.0,3.3,1.8,0.6,0.1,0.9,1.4,15.4
194,James Harden,PG,34,LAC,64,64,34.7,5.1,11.5,.440,2.7,6.8,.396,2.4,4.7,.502,.556,4.3,4.8,.884,0.5,4.6,5.1,8.5,1.1,0.9,2.6,1.9,17.1
195,Jaden Hardy,SG,21,DAL,64,6,13.5,2.7,6.6,.410,1.2,3.2,.366,1.6,3.5,.450,.498,0.8,1.0,.766,0.3,1.4,1.7,1.5,0.3,0.1,0.8,1.0,7.4
196,Ron Harper Jr.,PF,23,TOR,1,0,4.0,0.0,0.0,,0.0,0.0,,0.0,0.0,,,0.0,0.0,,0.0,0.0,0.0,1.0,0.0,0.0,0.0,2.0,0.0
197,Gary Harris,SG,29,ORL,46,19,23.0,2.5,5.5,.455,1.4,3.8,.376,1.1,1.7,.625,.583,0.7,0.9,.738,0.4,1.2,1.6,1.6,0.8,0.3,0.6,1.7,7.1
198,Joe Harris,SG,32,DET,16,0,10.6,0.9,2.4,.359,0.6,1.9,.333,0.3,0.6,.444,.487,0.1,0.1,.500,0.2,0.6,0.8,0.6,0.2,0.1,0.3,1.2,2.4
199,Kevon Harris,SG,26,ORL,2,0,3.0,1.0,1.5,.667,0.0,0.0,,1.0,1.5,.667,.667,0.0,0.0,,0.0,1.0,1.0,0.5,0.0,0.0,0.5,1.5,2.0
200,Tobias Harris,PF,31,PHI,63,63,33.9,6.6,13.7,.486,1.2,3.6,.333,5.4,10.1,.540,.530,2.7,3.1,.876,1.1,5.2,6.3,3.1,1.0,0.6,1.4,1.7,17.1
Rk,Player,Pos,Age,Tm,G,GS,MP,FG,FGA,FG%,3P,3PA,3P%,2P,2PA,2P%,eFG%,FT,FTA,FT%,ORB,DRB,TRB,AST,STL,BLK,TOV,PF,PTS
201,Shaquille Harrison,SG,30,MEM,3,0,2.0,0.3,0.7,.500,0.0,0.0,,0.3,0.7,.500,.500,0.0,0.0,,0.0,0.7,0.7,0.0,0.0,0.3,0.0,0.0,0.7
202,Josh Hart,SF,28,NYK,70,31,32.7,3.5,8.3,.419,1.0,3.4,.304,2.4,4.9,.499,.481,1.0,1.3,.766,1.5,6.6,8.2,3.8,0.9,0.3,1.4,2.0,9.0
203,Isaiah Hartenstein,C,25,NYK,65,39,25.0,3.0,4.7,.632,0.0,0.0,.333,2.9,4.6,.635,.633,1.4,1.9,.724,3.3,5.2,8.5,2.3,1.1,1.2,1.1,2.8,7.3
204,Sam Hauser,SF,26,BOS,69,10,21.4,3.0,6.5,.459,2.4,5.7,.433,0.6,0.9,.623,.646,0.2,0.2,.882,0.6,2.9,3.4,0.9,0.5,0.3,0.4,1.3,8.7
205,Jordan Hawkins,SG,21,NOP,61,10,18.1,2.8,7.2,.388,1.7,4.7,.368,1.1,2.5,.425,.508,1.1,1.3,.844,0.5,1.9,2.3,1.1,0.3,0.1,0.6,1.1,8.4
206,Jaxson Hayes,C,23,LAL,61,3,11.8,1.6,2.3,.697,0.0,0.1,.000,1.6,2.2,.739,.697,0.7,1.1,.614,0.9,1.9,2.8,0.4,0.4,0.4,0.6,1.7,4.0
207,Killian Hayes,PG,22,DET,42,31,24.0,2.8,6.7,.413,0.5,1.8,.297,2.3,5.0,.455,.452,0.8,1.2,.660,0.3,2.6,2.8,4.9,0.9,0.5,1.2,1.8,6.9
208,Gordon Hayward,SF,33,TOT,42,26,25.8,3.8,8.5,.452,0.7,1.8,.390,3.1,6.6,.470,.494,1.9,2.5,.757,0.8,3.0,3.9,3.5,0.8,0.3,1.4,1.5,10.2
208,Gordon Hayward,SF,33,CHO,25,25,31.9,5.6,11.9,.468,0.9,2.4,.361,4.7,9.4,.496,.505,2.5,3.2,.765,1.0,3.7,4.7,4.6,1.1,0.5,2.0,1.8,14.5
208,Gordon Hayward,SF,33,OKC,17,1,16.8,1.3,3.5,.373,0.5,0.9,.500,0.8,2.5,.326,.441,0.9,1.3,.727,0.6,2.1,2.6,1.8,0.3,0.0,0.5,0.9,4.0
209,Scoot Henderson,PG,19,POR,53,23,27.2,4.6,12.1,.378,1.2,4.0,.305,3.4,8.2,.413,.428,2.8,3.4,.826,0.8,2.2,3.1,4.8,0.7,0.2,3.1,3.1,13.2
210,Taylor Hendricks,PF,20,UTA,30,13,19.7,2.4,5.6,.429,1.1,3.3,.323,1.3,2.3,.580,.524,0.6,0.7,.818,1.2,3.3,4.5,0.6,0.6,0.8,0.7,2.0,6.5
211,Tyler Herro,SG,24,MIA,36,36,33.6,7.9,18.0,.437,3.3,8.1,.399,4.6,9.9,.468,.527,1.8,2.2,.835,0.5,4.8,5.3,4.4,0.8,0.1,2.1,1.4,20.8
212,Buddy Hield,SF-SG,31,TOT,74,42,26.4,4.5,10.3,.436,2.7,6.9,.384,1.8,3.4,.544,.566,0.6,0.6,.872,0.6,2.5,3.2,3.0,0.9,0.5,1.2,2.0,12.2
212,Buddy Hield,SF,31,IND,52,28,25.7,4.4,9.9,.443,2.6,6.9,.384,1.8,3.1,.575,.575,0.5,0.6,.848,0.7,2.6,3.2,2.7,0.8,0.6,1.2,2.0,12.0
212,Buddy Hield,SG,31,PHI,22,14,28.1,4.7,11.2,.423,2.7,7.1,.385,2.0,4.1,.489,.545,0.6,0.6,.929,0.6,2.5,3.1,3.7,0.9,0.4,1.3,2.2,12.8
213,Haywood Highsmith,PF,27,MIA,56,26,19.6,2.1,4.7,.448,1.1,2.8,.390,1.0,1.9,.533,.563,0.4,0.5,.733,0.8,1.9,2.7,1.0,0.8,0.4,0.5,1.7,5.6
214,Nate Hinton,SG,24,HOU,11,0,5.3,0.9,1.8,.500,0.6,1.0,.636,0.3,0.8,.333,.675,0.4,0.5,.800,0.3,0.8,1.1,0.5,0.2,0.2,0.2,0.9,2.8
215,D'Moi Hodge,SG,25,LAL,7,0,5.9,0.7,2.1,.333,0.4,1.7,.250,0.3,0.4,.667,.433,0.1,0.3,.500,0.0,0.0,0.0,0.7,0.1,0.1,0.1,0.6,2.0
216,Aaron Holiday,PG,27,HOU,68,1,16.5,2.4,5.4,.445,1.1,2.8,.398,1.3,2.5,.497,.549,0.8,0.8,.912,0.3,1.4,1.6,1.9,0.5,0.1,0.7,1.6,6.6
217,Jrue Holiday,PG,33,BOS,61,61,33.1,4.9,10.0,.485,2.0,4.6,.445,2.8,5.4,.520,.587,1.0,1.2,.833,1.2,4.2,5.4,4.9,0.9,0.8,1.8,1.6,12.8
218,Justin Holiday,SG,34,DEN,48,9,14.6,1.5,3.2,.467,0.9,2.2,.415,0.6,1.0,.587,.612,0.1,0.1,.750,0.1,1.1,1.3,1.1,0.6,0.1,0.2,1.3,3.9
219,Richaun Holmes,C-PF,30,TOT,39,9,13.9,2.1,3.7,.562,0.0,0.1,.333,2.1,3.7,.566,.565,0.9,1.2,.723,1.8,2.8,4.6,0.6,0.3,0.5,0.6,1.9,5.1
219,Richaun Holmes,C,30,DAL,23,2,10.3,1.4,2.6,.559,0.0,0.0,,1.4,2.6,.559,.559,0.5,0.9,.571,1.4,2.0,3.4,0.7,0.1,0.4,0.5,1.4,3.4
219,Richaun Holmes,PF,30,WAS,16,7,19.1,3.1,5.4,.563,0.1,0.2,.333,3.0,5.3,.571,.569,1.4,1.6,.846,2.4,3.9,6.3,0.6,0.5,0.6,0.7,2.6,7.6
220,Chet Holmgren,C,21,OKC,71,71,30.1,6.4,11.9,.536,1.6,4.3,.380,4.7,7.5,.626,.606,2.6,3.2,.795,1.6,6.4,8.0,2.6,0.7,2.4,1.5,2.4,16.9
Rk,Player,Pos,Age,Tm,G,GS,MP,FG,FGA,FG%,3P,3PA,3P%,2P,2PA,2P%,eFG%,FT,FTA,FT%,ORB,DRB,TRB,AST,STL,BLK,TOV,PF,PTS
221,Jalen Hood-Schifino,SG,20,LAL,21,0,5.2,0.5,2.1,.222,0.1,0.7,.133,0.4,1.4,.267,.244,0.6,1.0,.600,0.1,0.5,0.6,0.4,0.1,0.1,0.4,0.6,1.6
222,Al Horford,C,37,BOS,59,30,27.2,3.2,6.4,.504,1.7,3.9,.421,1.5,2.4,.641,.635,0.4,0.5,.893,1.3,5.2,6.5,2.6,0.6,1.0,0.7,1.5,8.5
223,Talen Horton-Tucker,PG,23,UTA,45,11,19.5,3.4,8.8,.391,1.1,3.4,.327,2.3,5.4,.432,.454,1.7,2.1,.802,0.4,2.0,2.4,3.6,0.9,0.4,1.3,1.8,9.7
224,Danuel House Jr.,SF,30,PHI,34,4,15.0,1.4,3.1,.448,0.4,1.5,.300,0.9,1.6,.582,.519,1.0,1.4,.761,0.5,1.2,1.7,0.8,0.4,0.1,0.6,1.3,4.2
225,Caleb Houstan,SF,21,ORL,54,11,14.0,1.4,3.6,.380,1.2,3.3,.367,0.1,0.2,.583,.552,0.4,0.4,.792,0.5,1.0,1.5,0.5,0.2,0.1,0.3,1.1,4.3
226,Jett Howard,SF,20,ORL,14,0,3.7,0.6,1.6,.348,0.4,1.3,.278,0.2,0.4,.600,.457,0.1,0.3,.500,0.1,0.3,0.4,0.2,0.0,0.1,0.1,0.2,1.6
227,Kevin Huerter,SG,25,SAC,64,59,24.4,3.9,8.8,.443,1.9,5.3,.361,2.0,3.4,.571,.553,0.6,0.7,.766,0.6,2.9,3.5,2.6,0.7,0.4,0.8,2.1,10.2
228,Jay Huff,C,25,DEN,15,0,2.6,0.5,0.9,.538,0.2,0.6,.333,0.3,0.3,1.000,.654,0.1,0.1,1.000,0.1,0.6,0.7,0.1,0.1,0.1,0.1,0.5,1.3
229,De'Andre Hunter,SF,26,ATL,47,27,28.6,5.3,11.3,.470,2.0,5.0,.405,3.3,6.2,.522,.560,3.0,3.4,.870,0.6,3.1,3.6,1.4,0.7,0.3,1.3,2.6,15.6
230,Matthew Hurt,PF,23,MEM,8,0,14.1,1.5,4.3,.353,0.6,2.5,.250,0.9,1.8,.500,.426,0.4,0.4,1.000,1.1,0.9,2.0,0.5,0.4,0.4,0.3,1.0,4.0
231,Bones Hyland,PG,23,LAC,32,4,13.6,2.2,5.9,.365,1.0,3.3,.317,1.1,2.7,.424,.452,0.4,0.6,.778,0.1,0.9,1.1,2.2,0.6,0.1,1.2,1.3,5.8
232,Joe Ingles,SF,36,ORL,57,0,17.1,1.5,3.4,.426,1.0,2.4,.423,0.4,1.0,.431,.574,0.4,0.5,.852,0.3,1.8,2.1,3.0,0.7,0.1,0.9,1.4,4.3
233,Brandon Ingram,SF,26,NOP,63,63,33.0,7.8,16.0,.490,1.3,3.8,.356,6.5,12.2,.532,.532,3.9,4.9,.801,0.7,4.4,5.1,5.8,0.8,0.6,2.6,2.3,20.9
234,Kyrie Irving,SG,31,DAL,50,50,34.4,9.6,19.6,.491,2.9,7.2,.407,6.7,12.4,.539,.566,3.0,3.4,.905,0.8,4.3,5.0,5.3,1.3,0.4,1.7,1.9,25.3
235,Jonathan Isaac,PF,26,ORL,49,1,15.1,2.6,5.0,.523,0.7,1.9,.385,1.9,3.1,.605,.595,1.1,1.5,.726,1.3,3.1,4.3,0.4,0.7,1.2,0.5,1.1,7.0
236,Jaden Ivey,SG,21,DET,68,52,28.5,5.3,12.3,.434,1.5,4.6,.326,3.8,7.7,.499,.495,3.1,4.0,.759,1.2,2.3,3.5,3.7,0.8,0.6,2.5,2.8,15.2
237,Andre Jackson Jr.,SG,22,MIL,50,8,10.3,0.9,1.8,.528,0.3,0.8,.375,0.6,1.0,.653,.612,0.2,0.2,.727,0.8,1.2,2.0,1.0,0.3,0.1,0.5,1.7,2.3
238,GG Jackson II,PF,19,MEM,38,8,23.8,4.6,10.5,.435,2.0,5.5,.364,2.6,5.0,.513,.530,2.3,3.1,.746,1.2,2.7,3.8,1.0,0.5,0.5,1.2,1.3,13.5
239,Isaiah Jackson,C,22,IND,52,3,13.4,2.8,4.2,.662,0.0,0.1,.000,2.8,4.1,.675,.662,1.3,1.9,.704,1.5,2.6,4.1,0.9,0.7,1.0,0.7,2.5,6.8
240,Jaren Jackson Jr.,C,24,MEM,62,62,32.1,7.8,17.5,.443,1.8,5.6,.324,6.0,11.9,.499,.495,5.0,6.3,.805,1.3,4.3,5.5,2.3,1.1,1.6,2.5,3.6,22.4
Rk,Player,Pos,Age,Tm,G,GS,MP,FG,FGA,FG%,3P,3PA,3P%,2P,2PA,2P%,eFG%,FT,FTA,FT%,ORB,DRB,TRB,AST,STL,BLK,TOV,PF,PTS
241,Justin Jackson,SF,28,MIN,2,0,0.5,0.0,0.0,,0.0,0.0,,0.0,0.0,,,0.0,0.0,,0.0,0.0,0.0,0.0,0.0,0.0,0.0,0.0,0.0
242,Quenton Jackson,PG,25,IND,1,0,2.0,0.0,0.0,,0.0,0.0,,0.0,0.0,,,0.0,0.0,,0.0,1.0,1.0,0.0,0.0,0.0,0.0,0.0,0.0
243,Reggie Jackson,PG,33,DEN,72,18,21.8,4.0,9.0,.442,1.2,3.3,.356,2.8,5.6,.493,.508,0.9,1.2,.788,0.3,1.5,1.8,3.8,0.5,0.2,1.3,1.7,10.0
244,Trayce Jackson-Davis,PF,23,GSW,57,5,14.9,3.2,4.5,.714,0.0,0.0,,3.2,4.5,.714,.714,1.1,1.9,.550,1.8,2.7,4.5,1.1,0.4,1.0,0.6,1.6,7.4
245,LeBron James,PF,39,LAL,62,62,35.2,9.5,18.0,.530,2.2,5.3,.406,7.4,12.7,.581,.590,4.1,5.5,.751,0.8,6.3,7.2,8.1,1.2,0.6,3.3,1.2,25.4
246,Jaime Jaquez Jr.,SF,22,MIA,65,20,29.2,4.7,9.8,.484,0.9,2.8,.313,3.8,7.0,.553,.529,1.9,2.4,.803,1.2,2.8,3.9,2.6,1.1,0.2,1.5,2.3,12.3
247,DeJon Jarreau,SG,26,MEM,8,0,17.5,1.6,5.8,.283,0.5,1.6,.308,1.1,4.1,.273,.326,0.6,1.4,.455,1.0,4.4,5.4,3.1,0.8,0.1,1.1,1.6,4.4
248,DaQuan Jeffries,SG,26,NYK,14,0,2.6,0.4,1.1,.400,0.1,0.6,.250,0.3,0.5,.571,.467,0.0,0.1,.000,0.0,0.4,0.4,0.1,0.0,0.1,0.1,0.1,1.0
249,Trey Jemison,C,24,TOT,18,7,19.4,2.7,4.6,.590,0.0,0.0,,2.7,4.6,.590,.590,0.8,0.9,.824,2.1,2.1,4.2,0.9,0.4,0.9,1.2,2.7,6.2
249,Trey Jemison,C,24,WAS,2,0,0.5,0.0,0.0,,0.0,0.0,,0.0,0.0,,,0.0,0.0,,0.0,0.5,0.5,0.0,0.0,0.0,0.5,0.0,0.0
249,Trey Jemison,C,24,MEM,16,7,21.8,3.1,5.2,.590,0.0,0.0,,3.1,5.2,.590,.590,0.9,1.1,.824,2.4,2.3,4.7,1.0,0.4,1.0,1.3,3.0,7.0
250,Ty Jerome,SG,26,CLE,2,0,7.5,1.0,2.0,.500,0.0,0.5,.000,1.0,1.5,.667,.500,0.0,0.0,,0.5,0.0,0.5,1.5,0.0,0.0,0.5,1.0,2.0
251,Isaiah Joe,SG,24,OKC,67,0,18.1,2.8,6.1,.453,1.8,4.5,.409,0.9,1.6,.573,.602,0.6,0.6,.860,0.4,1.8,2.2,1.1,0.6,0.3,0.6,1.1,7.9
252,Cameron Johnson,PF,27,BRK,55,47,27.8,4.9,10.8,.452,2.5,6.2,.397,2.4,4.6,.526,.566,1.5,1.9,.781,1.0,3.4,4.4,2.5,0.8,0.2,1.0,1.8,13.7
253,Jalen Johnson,SF,22,ATL,51,48,34.0,6.4,12.5,.513,1.3,3.6,.353,5.2,8.9,.578,.564,2.0,2.7,.725,1.3,7.3,8.6,3.5,1.1,0.9,1.7,2.5,16.1
254,James Johnson,PF,36,IND,7,0,5.0,0.3,0.9,.333,0.0,0.1,.000,0.3,0.7,.400,.333,0.3,0.3,1.000,0.1,0.4,0.6,0.9,0.7,0.1,0.4,1.0,0.9
255,Keldon Johnson,SF,24,SAS,67,26,29.6,5.7,12.6,.455,1.9,5.3,.348,3.9,7.3,.533,.528,2.5,3.1,.787,1.4,4.1,5.5,2.8,0.7,0.3,1.4,2.1,15.8
256,Keon Johnson,SG,21,BRK,4,0,12.8,1.8,4.8,.368,1.0,2.3,.444,0.8,2.5,.300,.474,2.5,2.5,1.000,0.8,0.5,1.3,0.8,0.8,0.3,1.0,1.0,7.0
257,Keyontae Johnson,SF,23,OKC,9,0,7.3,0.6,1.8,.313,0.1,0.3,.333,0.4,1.4,.308,.344,0.0,0.0,,0.4,0.7,1.1,0.4,0.1,0.0,0.4,0.6,1.2
258,Nikola Jokić,C,28,DEN,69,69,34.4,10.3,17.7,.581,1.0,2.9,.354,9.3,14.8,.625,.610,4.6,5.5,.826,2.9,9.4,12.3,9.0,1.3,0.9,2.9,2.5,26.1
259,Colby Jones,SG,21,SAC,22,0,6.5,0.9,2.4,.358,0.0,0.7,.067,0.8,1.7,.474,.368,0.1,0.2,.400,0.6,0.7,1.3,0.6,0.2,0.0,0.3,0.9,1.9
260,Damian Jones,C,28,CLE,33,0,7.4,1.2,1.9,.603,0.1,0.3,.182,1.1,1.6,.692,.619,0.5,0.6,.850,0.5,1.2,1.8,0.4,0.2,0.4,0.4,0.8,2.9
Rk,Player,Pos,Age,Tm,G,GS,MP,FG,FGA,FG%,3P,3PA,3P%,2P,2PA,2P%,eFG%,FT,FTA,FT%,ORB,DRB,TRB,AST,STL,BLK,TOV,PF,PTS
261,Derrick Jones Jr.,SF,26,DAL,67,57,23.4,3.2,6.5,.497,1.1,3.1,.351,2.1,3.3,.635,.582,1.3,1.8,.719,1.1,2.3,3.4,1.0,0.7,0.6,0.8,1.6,8.8
262,Herbert Jones,SF,25,NOP,66,66,29.7,3.9,7.7,.511,1.5,3.5,.425,2.4,4.1,.585,.609,1.8,2.1,.853,1.0,2.5,3.5,2.6,1.3,0.9,1.2,2.9,11.1
263,Mason Jones,SG,25,SAC,2,0,9.0,1.0,3.0,.333,1.0,2.5,.400,0.0,0.5,.000,.500,0.5,1.0,.500,0.5,2.0,2.5,2.5,0.5,0.5,0.5,0.0,3.5
264,Tre Jones,PG,24,SAS,67,38,26.9,3.8,7.4,.513,0.8,2.3,.338,3.0,5.1,.592,.565,1.4,1.6,.879,0.7,2.7,3.4,6.1,1.0,0.1,1.4,1.2,9.8
265,Tyus Jones,PG,27,WAS,66,66,29.3,4.9,10.1,.489,1.6,3.9,.414,3.3,6.2,.537,.569,0.5,0.6,.800,0.3,2.4,2.7,7.3,1.1,0.3,1.0,0.7,12.0
266,DeAndre Jordan,C,35,DEN,32,2,11.5,1.7,2.7,.616,0.0,0.0,,1.7,2.7,.616,.616,0.8,1.6,.481,1.6,3.0,4.6,0.8,0.2,0.5,0.7,1.7,4.1
267,Cory Joseph,PG,32,GSW,26,0,11.4,0.9,2.5,.359,0.5,1.6,.310,0.4,0.8,.455,.461,0.2,0.3,.571,0.2,0.9,1.2,1.6,0.2,0.1,0.5,1.0,2.4
268,Nikola Jović,PF,20,MIA,36,28,18.5,2.4,5.5,.434,1.3,3.1,.411,1.1,2.4,.465,.551,0.6,1.0,.600,0.6,3.4,4.0,1.9,0.5,0.3,1.0,1.8,6.6
269,Johnny Juzang,SG,22,UTA,12,1,13.7,1.8,4.3,.423,1.2,3.3,.350,0.7,1.0,.667,.558,0.0,0.0,,0.3,1.2,1.5,0.6,0.0,0.0,0.3,1.1,4.8
270,Luke Kennard,SG,27,MEM,36,19,25.2,3.6,8.0,.453,2.8,6.1,.454,0.9,1.9,.449,.625,1.1,1.2,.886,0.3,2.5,2.8,3.3,0.5,0.0,1.3,1.1,11.1
271,Walker Kessler,C,22,UTA,60,20,23.5,3.7,5.6,.658,0.1,0.3,.211,3.6,5.3,.685,.664,0.9,1.5,.584,2.6,5.1,7.7,0.9,0.5,2.5,1.0,2.1,8.3
272,Braxton Key,SF,26,DEN,18,0,3.2,0.4,0.9,.412,0.1,0.3,.400,0.3,0.7,.417,.471,0.2,0.3,.667,0.2,0.7,0.9,0.5,0.1,0.1,0.1,0.3,1.1
273,Corey Kispert,SF,24,WAS,70,12,24.1,4.5,9.4,.481,2.2,5.8,.377,2.4,3.7,.643,.596,1.4,1.9,.731,0.4,2.3,2.7,1.8,0.5,0.2,1.2,1.7,12.7
274,Maxi Kleber,C,32,DAL,35,7,20.5,1.4,3.5,.410,0.7,2.2,.312,0.7,1.3,.578,.508,0.7,1.0,.657,0.6,2.7,3.2,1.6,0.4,0.6,0.6,1.9,4.2
275,Kevin Knox,SF,24,DET,31,11,18.1,2.8,6.0,.462,1.0,3.0,.330,1.8,3.0,.598,.546,0.6,0.7,.909,0.6,1.8,2.4,0.7,0.4,0.2,0.7,1.6,7.2
276,John Konchar,SF,27,MEM,55,23,21.3,1.6,3.8,.423,0.7,2.2,.317,0.9,1.6,.568,.514,0.4,0.5,.840,1.3,3.4,4.7,2.0,0.9,0.9,0.8,1.4,4.3
277,Furkan Korkmaz,SG,26,PHI,35,0,8.6,0.9,2.2,.395,0.4,1.1,.350,0.5,1.0,.444,.487,0.4,0.6,.700,0.1,0.7,0.9,0.7,0.4,0.1,0.3,0.5,2.5
278,Luke Kornet,C,28,BOS,54,5,15.5,2.2,3.2,.684,0.0,0.0,,2.2,3.2,.684,.684,0.8,0.9,.894,1.9,2.2,4.1,1.0,0.4,1.0,0.4,1.3,5.2
279,Vit Krejci,PG,23,ATL,11,9,23.7,2.2,4.6,.471,1.2,2.9,.406,1.0,1.7,.579,.598,0.4,0.5,.800,0.4,1.4,1.7,2.4,0.6,0.4,0.8,2.2,5.9
280,Jonathan Kuminga,PF,21,GSW,70,44,26.3,6.3,11.8,.529,0.7,2.3,.316,5.5,9.6,.579,.559,3.1,4.1,.740,1.3,3.5,4.8,2.1,0.7,0.5,1.7,2.3,16.3
Rk,Player,Pos,Age,Tm,G,GS,MP,FG,FGA,FG%,3P,3PA,3P%,2P,2PA,2P%,eFG%,FT,FTA,FT%,ORB,DRB,TRB,AST,STL,BLK,TOV,PF,PTS
281,Kyle Kuzma,PF,28,WAS,67,67,32.3,8.7,18.7,.467,2.2,6.5,.336,6.6,12.3,.536,.525,2.7,3.5,.781,0.9,5.6,6.5,4.2,0.5,0.7,2.7,2.2,22.4
282,Jock Landale,C,28,HOU,45,1,11.5,1.5,3.0,.496,0.2,0.6,.250,1.3,2.4,.561,.522,0.8,1.0,.837,1.5,1.4,2.9,1.0,0.2,0.6,0.4,1.2,3.9
283,Jake LaRavia,PF,22,MEM,27,1,19.9,2.5,7.3,.343,0.9,3.7,.253,1.6,3.7,.434,.407,2.3,2.9,.792,1.4,2.0,3.5,1.3,0.8,0.3,0.8,1.9,8.2
284,Zach LaVine,SG,28,CHI,25,23,34.9,6.8,15.0,.452,2.4,6.8,.349,4.4,8.3,.536,.531,3.5,4.1,.854,0.3,4.8,5.2,3.9,0.8,0.3,2.1,2.3,19.5
285,A.J. Lawson,SG,23,DAL,35,0,7.2,1.3,2.8,.485,0.4,1.2,.310,1.0,1.6,.618,.552,0.4,0.6,.619,0.3,0.7,1.0,0.4,0.3,0.1,0.3,0.6,3.4
286,Saben Lee,PG,24,PHO,21,0,8.5,0.9,2.5,.340,0.1,0.8,.125,0.8,1.8,.432,.358,1.4,1.9,.744,0.4,1.0,1.5,1.4,0.3,0.1,0.4,0.6,3.2
287,Alex Len,C,30,SAC,38,0,9.1,1.2,1.9,.625,0.0,0.1,.000,1.2,1.8,.652,.625,0.5,0.8,.600,1.0,1.7,2.8,0.9,0.3,0.7,0.6,1.2,2.8
288,Kawhi Leonard,SF,32,LAC,65,65,34.2,8.9,17.0,.527,2.1,5.0,.419,6.9,12.0,.571,.588,3.8,4.3,.888,1.2,4.8,6.0,3.6,1.6,0.8,1.7,1.4,23.8
289,Caris LeVert,SG,29,CLE,60,8,28.6,5.0,12.2,.410,1.6,5.0,.317,3.4,7.2,.474,.475,2.2,2.9,.747,0.6,3.5,4.0,5.3,1.1,0.5,1.6,1.8,13.7
290,Kira Lewis Jr.,PG,22,TOT,24,0,8.3,1.0,2.8,.338,0.1,1.0,.120,0.8,1.8,.465,.360,0.6,0.7,.882,0.3,0.6,0.9,1.3,0.3,0.1,0.4,0.4,2.7
290,Kira Lewis Jr.,PG,22,NOP,15,0,9.6,1.1,3.5,.308,0.1,1.3,.100,0.9,2.1,.438,.327,0.7,0.7,.909,0.3,0.7,0.9,1.2,0.3,0.1,0.5,0.5,2.9
290,Kira Lewis Jr.,PG,22,TOR,1,0,2.0,0.0,0.0,,0.0,0.0,,0.0,0.0,,,0.0,0.0,,0.0,0.0,0.0,0.0,0.0,0.0,0.0,1.0,0.0
290,Kira Lewis Jr.,PG,22,UTA,8,0,6.5,0.9,2.0,.438,0.1,0.6,.200,0.8,1.4,.545,.469,0.6,0.8,.833,0.4,0.5,0.9,1.5,0.1,0.1,0.3,0.1,2.5
291,Maxwell Lewis,SF,21,LAL,25,0,3.3,0.1,0.5,.231,0.0,0.2,.250,0.1,0.4,.222,.269,0.0,0.0,,0.0,0.1,0.1,0.2,0.1,0.0,0.3,0.2,0.3
292,E.J. Liddell,PF,23,NOP,8,0,2.9,0.1,0.8,.167,0.0,0.6,.000,0.1,0.1,1.000,.167,0.3,0.3,1.000,0.0,0.6,0.6,0.1,0.3,0.3,0.3,0.3,0.5
293,Damian Lillard,PG,33,MIL,67,67,35.3,7.5,17.6,.425,3.1,8.7,.357,4.4,9.0,.490,.512,6.4,6.9,.926,0.5,3.9,4.4,7.1,1.0,0.2,2.6,1.8,24.5
294,Nassir Little,SF,23,PHO,39,2,11.2,1.3,2.9,.455,0.5,1.6,.313,0.8,1.2,.646,.545,0.4,0.5,.850,0.4,1.5,1.8,0.5,0.3,0.3,0.3,1.0,3.6
295,Dereck Lively II,C,19,DAL,53,42,23.7,4.1,5.4,.747,0.0,0.0,.000,4.1,5.4,.752,.747,0.7,1.5,.506,2.5,4.5,6.9,1.1,0.7,1.4,0.9,2.7,8.8
296,Isaiah Livers,PF,25,DET,23,6,20.4,1.7,5.0,.345,1.0,3.3,.286,0.8,1.7,.462,.440,0.5,0.8,.667,0.7,1.4,2.1,1.1,0.6,0.2,0.7,1.9,5.0
297,Chris Livingston,SF,20,MIL,17,0,4.2,0.5,1.1,.444,0.1,0.2,.250,0.4,0.8,.500,.472,0.1,0.1,1.000,0.1,0.8,0.9,0.3,0.1,0.0,0.2,0.6,1.1
298,Kenneth Lofton Jr.,PF,21,TOT,17,0,6.4,0.9,2.5,.349,0.2,0.7,.250,0.7,1.8,.387,.384,0.5,0.9,.533,0.1,0.9,1.1,0.8,0.2,0.2,0.5,0.9,2.4
298,Kenneth Lofton Jr.,PF,21,MEM,15,0,6.6,0.9,2.5,.378,0.2,0.7,.300,0.7,1.8,.407,.419,0.5,1.0,.533,0.1,0.9,1.0,0.9,0.2,0.2,0.4,1.0,2.6
298,Kenneth Lofton Jr.,PF,21,PHI,2,0,4.5,0.5,3.0,.167,0.0,1.0,.000,0.5,2.0,.250,.167,0.0,0.0,,0.0,1.5,1.5,0.0,0.0,0.0,1.0,0.0,1.0
299,Kevon Looney,C,27,GSW,64,36,16.8,1.9,3.2,.598,0.0,0.0,.000,1.9,3.2,.601,.598,0.7,1.1,.662,2.0,3.8,5.8,2.0,0.4,0.3,0.7,2.2,4.5
300,Brook Lopez,C,35,MIL,69,69,30.7,4.6,9.6,.482,1.9,5.1,.362,2.8,4.5,.620,.579,1.3,1.6,.827,1.5,3.8,5.3,1.7,0.6,2.4,0.9,2.4,12.4
Rk,Player,Pos,Age,Tm,G,GS,MP,FG,FGA,FG%,3P,3PA,3P%,2P,2PA,2P%,eFG%,FT,FTA,FT%,ORB,DRB,TRB,AST,STL,BLK,TOV,PF,PTS
301,Robin Lopez,C,35,MIL,16,2,4.1,0.4,1.2,.368,0.1,0.5,.250,0.3,0.7,.455,.421,0.1,0.1,1.000,0.2,0.1,0.3,0.3,0.1,0.2,0.1,0.4,1.1
302,Kevin Love,PF,35,MIA,47,5,17.5,2.9,6.5,.443,1.6,4.5,.349,1.3,2.0,.656,.564,1.7,2.2,.779,1.1,5.1,6.2,2.2,0.3,0.2,0.8,1.8,9.0
303,Kyle Lowry,PG,37,TOT,52,47,28.2,2.7,6.5,.417,1.6,4.3,.376,1.1,2.3,.496,.540,1.0,1.2,.844,0.6,2.8,3.4,4.2,1.1,0.3,1.4,2.4,8.1
303,Kyle Lowry,PG,37,MIA,37,35,28.0,2.8,6.5,.426,1.7,4.4,.385,1.1,2.2,.506,.554,0.9,1.1,.833,0.7,2.8,3.5,4.0,1.1,0.4,1.4,2.5,8.2
303,Kyle Lowry,PG,37,PHI,15,12,28.7,2.5,6.4,.396,1.4,4.0,.350,1.1,2.4,.472,.505,1.3,1.5,.864,0.5,2.6,3.1,4.6,1.1,0.2,1.3,2.0,7.7
304,Seth Lundy,SF,23,ATL,9,0,5.8,0.4,1.9,.235,0.3,1.4,.231,0.1,0.4,.250,.324,0.3,0.4,.750,0.1,0.7,0.8,0.0,0.0,0.0,0.1,0.7,1.6
305,Trey Lyles,PF,28,SAC,49,0,19.8,2.4,5.3,.450,1.4,3.7,.383,1.0,1.7,.598,.582,0.9,1.3,.698,1.0,3.4,4.4,1.1,0.3,0.3,0.6,1.6,7.1
306,Théo Maledon,PG,22,TOT,17,1,12.5,1.2,4.1,.286,0.3,1.8,.167,0.9,2.4,.375,.321,0.8,0.9,.933,0.2,1.2,1.4,1.6,0.4,0.0,1.1,1.2,3.5
306,Théo Maledon,PG,22,CHO,13,1,15.4,1.5,5.1,.288,0.4,2.3,.167,1.1,2.8,.389,.326,0.8,0.9,.917,0.3,1.5,1.8,2.2,0.5,0.0,1.2,1.4,4.2
306,Théo Maledon,PG,22,PHO,4,0,3.3,0.3,1.0,.250,0.0,0.0,,0.3,1.0,.250,.250,0.8,0.8,1.000,0.0,0.3,0.3,0.0,0.0,0.0,0.8,0.8,1.3
307,Sandro Mamukelashvili,C,24,SAS,38,0,6.4,1.0,2.2,.470,0.2,1.0,.243,0.8,1.2,.652,.524,0.3,0.4,.706,0.7,1.1,1.8,0.8,0.2,0.2,0.2,0.6,2.6
308,Terance Mann,SG,27,LAC,64,60,25.4,3.2,6.6,.488,1.0,2.8,.343,2.2,3.7,.598,.562,1.0,1.2,.823,1.2,2.1,3.3,1.7,0.6,0.2,0.6,1.9,8.4
309,Tre Mann,PG,22,TOT,30,17,21.6,3.3,7.1,.460,1.1,2.8,.393,2.2,4.3,.504,.538,0.8,1.1,.697,0.5,3.2,3.7,3.5,1.0,0.0,1.2,1.1,8.4
309,Tre Mann,PG,22,OKC,13,0,9.2,1.5,3.1,.500,0.6,1.5,.421,0.9,1.6,.571,.600,0.1,0.1,1.000,0.3,1.5,1.8,1.5,0.2,0.0,0.7,0.2,3.8
309,Tre Mann,PG,22,CHO,17,17,31.1,4.6,10.2,.451,1.5,3.8,.385,3.1,6.4,.491,.523,1.3,1.9,.688,0.7,4.5,5.2,4.9,1.6,0.0,1.6,1.8,11.9
310,Boban Marjanović,C,35,HOU,12,0,4.6,0.9,2.0,.458,0.0,0.2,.000,0.9,1.8,.500,.458,0.5,0.8,.667,0.5,1.4,1.9,0.3,0.0,0.1,0.2,0.4,2.3
311,Lauri Markkanen,PF,26,UTA,54,54,32.9,7.8,16.2,.480,3.2,8.0,.398,4.6,8.2,.560,.578,4.5,5.0,.897,2.2,6.0,8.2,2.0,0.9,0.5,1.4,1.8,23.2
312,Naji Marshall,SF,26,NOP,60,1,19.2,2.7,5.8,.466,0.9,2.4,.386,1.8,3.4,.522,.546,1.1,1.4,.793,0.9,2.9,3.7,2.0,0.8,0.2,1.0,1.4,7.4
313,Caleb Martin,SF,28,MIA,55,19,27.4,3.9,8.8,.437,1.3,3.6,.360,2.6,5.2,.490,.510,1.3,1.6,.787,1.2,3.4,4.6,2.1,0.7,0.4,1.2,2.0,10.3
314,Cody Martin,SF,28,CHO,28,22,26.9,2.9,7.7,.381,1.0,3.1,.314,2.0,4.6,.426,.444,0.7,1.2,.606,0.7,3.2,3.9,3.7,1.1,0.6,1.6,1.7,7.5
315,KJ Martin,SF,23,TOT,55,2,11.9,1.5,2.9,.528,0.1,0.5,.286,1.4,2.4,.580,.553,0.4,0.7,.537,0.6,1.5,2.1,0.8,0.4,0.2,0.5,1.7,3.6
315,KJ Martin,SF,23,LAC,2,0,15.5,2.0,5.0,.400,0.5,2.5,.200,1.5,2.5,.600,.450,0.5,1.0,.500,0.5,1.0,1.5,0.5,1.0,0.5,1.0,1.5,5.0
315,KJ Martin,SF,23,PHI,53,2,11.8,1.5,2.8,.537,0.1,0.4,.304,1.4,2.4,.579,.560,0.4,0.7,.538,0.6,1.5,2.1,0.8,0.4,0.2,0.5,1.7,3.5
316,Garrison Mathews,SG,27,ATL,55,4,14.0,1.3,2.8,.455,1.1,2.4,.448,0.2,0.4,.500,.649,0.4,0.6,.774,0.3,1.1,1.4,0.5,0.3,0.1,0.3,1.8,4.1
317,Bennedict Mathurin,SF,21,IND,59,19,26.1,5.0,11.2,.446,1.4,3.6,.374,3.7,7.6,.481,.507,3.1,3.8,.821,1.0,2.9,4.0,2.0,0.6,0.2,1.6,2.0,14.5
318,Wesley Matthews,SG,37,ATL,31,3,11.4,0.9,2.5,.359,0.7,1.9,.379,0.2,0.6,.300,.500,0.5,0.7,.727,0.2,1.3,1.5,0.6,0.4,0.3,0.2,1.1,3.0
319,Tyrese Maxey,PG,23,PHI,63,63,37.3,9.0,20.0,.449,3.0,8.0,.379,6.0,12.0,.495,.525,4.8,5.5,.867,0.5,3.1,3.6,6.1,1.0,0.5,1.7,2.2,25.8
320,Skylar Mays,PG-SG,26,TOT,34,5,12.5,1.9,4.6,.399,0.5,1.6,.296,1.4,3.1,.452,.449,0.4,0.5,.765,0.3,1.0,1.3,2.5,0.6,0.1,0.6,0.8,4.6
320,Skylar Mays,PG,26,POR,21,5,17.0,2.5,6.6,.384,0.7,2.3,.286,1.9,4.2,.438,.435,0.6,0.8,.765,0.4,1.3,1.8,3.6,0.7,0.1,0.9,1.0,6.3
320,Skylar Mays,SG,26,LAL,13,0,5.4,0.8,1.5,.500,0.2,0.4,.400,0.6,1.2,.533,.550,0.0,0.0,,0.1,0.4,0.5,0.7,0.5,0.1,0.2,0.5,1.7
Rk,Player,Pos,Age,Tm,G,GS,MP,FG,FGA,FG%,3P,3PA,3P%,2P,2PA,2P%,eFG%,FT,FTA,FT%,ORB,DRB,TRB,AST,STL,BLK,TOV,PF,PTS
321,Miles McBride,PG,23,NYK,58,9,17.2,2.7,6.0,.452,1.4,3.4,.406,1.3,2.6,.513,.568,0.6,0.7,.850,0.4,0.9,1.2,1.4,0.7,0.1,0.4,1.5,7.4
322,CJ McCollum,PG,32,NOP,56,56,31.7,6.9,15.0,.458,3.4,8.1,.417,3.5,6.9,.505,.570,1.6,2.0,.798,0.5,3.7,4.2,4.4,0.9,0.6,1.6,1.9,18.7
323,T.J. McConnell,PG,31,IND,62,4,18.0,4.3,7.9,.547,0.2,0.6,.371,4.1,7.3,.560,.560,0.7,0.9,.772,0.5,2.2,2.7,5.4,1.1,0.1,1.5,1.0,9.6
324,Jaden McDaniels,SF,23,MIN,61,60,29.3,4.3,8.8,.489,1.2,3.5,.349,3.0,5.2,.583,.559,0.8,1.1,.701,0.8,2.3,3.1,1.3,0.9,0.6,1.2,3.2,10.6
325,Jalen McDaniels,SF,26,TOR,41,0,9.5,1.2,3.3,.350,0.3,1.5,.177,0.9,1.8,.493,.391,0.4,0.6,.667,0.3,1.1,1.5,0.6,0.4,0.1,0.5,0.9,3.0
326,Doug McDermott,SF,32,TOT,56,0,14.7,2.0,4.6,.434,1.5,3.7,.413,0.5,0.9,.520,.600,0.2,0.3,.579,0.2,0.8,1.0,1.2,0.3,0.0,0.5,1.0,5.7
326,Doug McDermott,SF,32,SAS,46,0,15.2,2.1,4.7,.442,1.7,3.8,.439,0.4,0.9,.452,.619,0.2,0.4,.588,0.2,0.9,1.0,1.2,0.2,0.0,0.5,1.0,6.0
326,Doug McDermott,SF,32,IND,10,0,12.1,1.6,4.1,.390,0.9,3.3,.273,0.7,0.8,.875,.500,0.1,0.2,.500,0.1,0.7,0.8,0.9,0.3,0.0,0.4,1.0,4.2
327,JaVale McGee,C,36,SAC,43,0,7.6,1.7,2.9,.605,0.0,0.1,.200,1.7,2.8,.622,.609,0.6,1.0,.581,0.9,1.8,2.7,0.3,0.3,0.5,0.7,1.0,4.1
328,Bryce McGowens,SG,21,CHO,51,13,15.5,1.7,3.8,.454,0.6,1.7,.337,1.2,2.1,.551,.531,1.0,1.4,.754,0.3,1.5,1.8,0.9,0.4,0.1,0.5,1.4,5.1
329,Jordan McLaughlin,PG,27,MIN,45,0,10.3,1.2,2.5,.460,0.8,1.6,.486,0.4,1.0,.419,.611,0.2,0.3,.667,0.3,1.0,1.3,1.9,0.7,0.2,0.3,0.5,3.2
330,De'Anthony Melton,SG,25,PHI,36,33,27.8,3.8,9.7,.391,2.1,5.8,.362,1.7,3.9,.433,.499,1.8,2.2,.835,0.8,3.1,3.8,3.1,1.6,0.4,1.1,2.3,11.5
331,Nathan Mensah,C,25,CHO,25,0,12.3,0.5,1.1,.429,0.0,0.0,,0.5,1.1,.429,.429,0.4,0.5,.750,1.2,1.4,2.6,0.4,0.2,0.6,0.6,2.6,1.3
332,Sam Merrill,SG,27,CLE,54,1,17.6,2.6,6.5,.407,2.4,5.8,.406,0.3,0.7,.417,.589,0.4,0.4,.955,0.4,1.6,2.0,1.8,0.3,0.1,0.3,1.1,8.0
333,Chimezie Metu,C,26,TOT,41,6,13.3,1.9,3.7,.510,0.4,1.4,.259,1.5,2.3,.663,.559,1.1,1.3,.887,0.7,2.4,3.1,0.7,0.6,0.3,0.8,1.3,5.3
333,Chimezie Metu,C,26,PHO,37,5,12.1,1.8,3.5,.508,0.4,1.4,.294,1.4,2.1,.646,.565,1.0,1.2,.884,0.6,2.3,3.0,0.5,0.5,0.2,0.7,1.1,5.0
333,Chimezie Metu,C,26,DET,4,1,24.3,3.0,5.8,.522,0.0,1.8,.000,3.0,4.0,.750,.522,2.3,2.5,.900,0.8,3.5,4.3,2.5,1.3,0.5,1.5,3.5,8.3
334,Vasilije Micić,PG,30,TOT,50,11,17.9,2.5,5.6,.447,0.6,2.2,.277,1.9,3.4,.559,.502,1.0,1.2,.828,0.2,1.1,1.3,3.7,0.4,0.1,1.5,1.0,6.6
334,Vasilije Micić,PG,30,OKC,30,0,12.0,1.2,3.0,.407,0.4,1.5,.244,0.9,1.5,.565,.467,0.5,0.6,.737,0.0,0.8,0.8,2.5,0.3,0.1,1.0,0.7,3.3
334,Vasilije Micić,PG,30,CHO,20,11,26.8,4.5,9.6,.466,1.0,3.4,.299,3.5,6.2,.556,.518,1.7,2.0,.872,0.5,1.6,2.1,5.5,0.7,0.2,2.4,1.4,11.6
335,Khris Middleton,SF,32,MIL,47,47,26.7,5.7,11.7,.486,1.7,4.5,.377,4.0,7.2,.555,.559,1.9,2.3,.840,0.7,3.7,4.4,5.2,0.9,0.3,2.1,2.6,15.0
336,Brandon Miller,SF,21,CHO,64,58,32.0,6.3,14.5,.434,2.3,6.4,.368,4.0,8.1,.486,.515,1.8,2.2,.811,0.8,3.4,4.3,2.4,0.9,0.5,1.8,2.5,16.8
337,Jordan Miller,SF,24,LAC,8,0,3.5,0.6,1.1,.556,0.1,0.3,.500,0.5,0.9,.571,.611,0.3,0.3,1.000,0.4,0.3,0.6,0.0,0.0,0.0,0.1,0.3,1.6
338,Leonard Miller,SF,20,MIN,9,0,3.3,0.8,1.2,.636,0.1,0.3,.333,0.7,0.9,.750,.682,0.0,0.0,,0.2,1.1,1.3,0.6,0.1,0.1,0.1,0.4,1.7
339,Dariq Whitehead,SF,19,BRK,2,0,12.0,0.5,2.5,.200,0.0,1.5,.000,0.5,1.0,.500,.200,0.5,1.0,.500,0.0,2.0,2.0,1.5,0.0,0.5,0.0,0.0,1.5
340,Patty Mills,PG,35,TOT,29,4,12.7,1.3,4.0,.336,0.7,2.6,.276,0.6,1.4,.450,.427,0.1,0.1,1.000,0.3,0.9,1.2,1.1,0.6,0.0,0.5,1.0,3.6
340,Patty Mills,PG,35,ATL,19,0,10.6,1.0,2.7,.373,0.7,1.8,.382,0.3,0.9,.353,.500,0.0,0.0,,0.3,0.8,1.1,0.7,0.5,0.1,0.4,0.9,2.7
340,Patty Mills,PG,35,MIA,10,4,16.7,2.0,6.5,.308,0.8,4.2,.190,1.2,2.3,.522,.369,0.4,0.4,1.000,0.4,1.0,1.4,1.8,0.8,0.0,0.7,1.3,5.2
Rk,Player,Pos,Age,Tm,G,GS,MP,FG,FGA,FG%,3P,3PA,3P%,2P,2PA,2P%,eFG%,FT,FTA,FT%,ORB,DRB,TRB,AST,STL,BLK,TOV,PF,PTS
341,Shake Milton,SG,27,TOT,45,0,12.5,1.7,4.2,.399,0.4,1.4,.270,1.3,2.8,.464,.444,0.9,1.1,.816,0.3,1.2,1.5,1.3,0.4,0.1,0.7,1.1,4.6
341,Shake Milton,SG,27,MIN,38,0,12.9,1.7,4.2,.400,0.4,1.4,.264,1.3,2.8,.467,.444,0.9,1.2,.818,0.2,1.2,1.3,1.3,0.4,0.1,0.7,1.2,4.7
341,Shake Milton,SG,27,DET,4,0,15.8,2.8,6.5,.423,0.8,2.3,.333,2.0,4.3,.471,.481,0.5,0.8,.667,1.8,2.8,4.5,1.5,0.5,0.3,0.8,0.8,6.8
341,Shake Milton,SG,27,NYK,3,0,3.3,0.0,0.7,.000,0.0,0.3,.000,0.0,0.3,.000,.000,0.7,0.7,1.000,0.0,0.0,0.0,0.3,0.0,0.0,0.0,1.0,0.7
342,Justin Minaya,SF,24,POR,26,0,7.8,0.4,1.5,.263,0.2,1.0,.231,0.2,0.5,.333,.342,0.2,0.3,.500,0.5,0.6,1.1,0.3,0.2,0.2,0.2,0.5,1.2
343,Josh Minott,SF,21,MIN,24,0,2.8,0.5,1.1,.444,0.1,0.3,.250,0.4,0.8,.526,.481,0.5,0.6,.857,0.1,0.4,0.5,0.2,0.1,0.2,0.1,0.3,1.6
344,Davion Mitchell,PG,25,SAC,62,4,14.0,1.8,3.9,.456,0.7,2.0,.344,1.1,1.9,.571,.544,0.4,0.5,.742,0.2,0.9,1.1,1.7,0.2,0.0,0.6,1.2,4.6
345,Donovan Mitchell,SG,27,CLE,49,49,35.3,9.4,20.2,.468,3.4,9.1,.373,6.1,11.1,.545,.552,5.1,5.9,.862,0.9,4.4,5.3,6.1,1.8,0.5,2.9,2.2,27.4
346,Evan Mobley,PF,22,CLE,40,40,30.7,6.5,11.1,.582,0.3,1.0,.333,6.2,10.2,.606,.597,2.4,3.4,.701,2.3,7.7,10.0,3.1,0.9,1.5,1.9,2.8,15.6
347,Isaiah Mobley,PF,24,CLE,6,0,8.5,0.8,2.2,.385,0.3,1.2,.286,0.5,1.0,.500,.462,0.0,0.0,,0.0,1.0,1.0,1.0,0.2,0.0,0.2,0.8,2.0
348,Malik Monk,SG,25,SAC,71,0,26.4,5.6,12.5,.443,2.1,5.9,.351,3.5,6.6,.527,.526,2.4,2.9,.833,0.4,2.6,3.0,5.2,0.6,0.5,2.1,2.2,15.6
349,Moses Moody,SG,21,GSW,55,8,16.9,2.9,6.3,.461,1.0,3.0,.335,1.9,3.3,.574,.540,1.0,1.3,.781,1.0,1.9,2.9,0.7,0.7,0.4,0.7,1.2,7.9
350,Xavier Moon,SG,29,LAC,9,0,4.1,0.6,1.6,.357,0.0,0.6,.000,0.6,1.0,.556,.357,0.1,0.2,.500,0.2,0.3,0.6,0.8,0.1,0.1,0.4,0.4,1.2
351,Taze Moore,SG,25,POR,3,0,3.3,1.0,1.7,.600,0.0,0.7,.000,1.0,1.0,1.000,.600,0.0,0.0,,0.0,0.0,0.0,0.3,0.3,0.0,0.3,0.7,2.0
352,Wendell Moore Jr.,SG,22,MIN,17,0,2.9,0.3,0.6,.500,0.0,0.2,.000,0.3,0.4,.833,.500,0.0,0.0,,0.0,0.4,0.4,0.1,0.3,0.1,0.2,0.2,0.6
353,Ja Morant,PG,24,MEM,9,9,35.3,8.9,18.9,.471,1.6,5.7,.275,7.3,13.2,.555,.512,5.8,7.1,.813,0.7,4.9,5.6,8.1,0.8,0.6,3.0,2.1,25.1
354,Marcus Morris,PF,34,TOT,42,7,17.4,2.5,5.6,.439,1.0,2.5,.406,1.5,3.1,.466,.530,0.8,1.0,.833,0.5,2.5,3.0,0.8,0.3,0.3,0.6,1.6,6.8
354,Marcus Morris,PF,34,PHI,37,7,17.2,2.4,5.5,.439,1.0,2.4,.400,1.5,3.1,.470,.527,0.8,1.0,.861,0.5,2.5,2.9,0.7,0.4,0.3,0.5,1.6,6.7
354,Marcus Morris,PF,34,CLE,5,0,18.4,2.8,6.4,.438,1.4,3.2,.438,1.4,3.2,.438,.547,0.8,1.2,.667,0.2,2.8,3.0,1.2,0.2,0.2,1.0,1.2,7.8
355,Markieff Morris,PF,34,DAL,21,1,8.1,1.0,2.5,.377,0.6,1.6,.394,0.3,1.0,.350,.500,0.1,0.2,.750,0.2,1.3,1.5,0.6,0.2,0.0,0.5,0.5,2.7
356,Monte Morris,PG,28,TOT,22,0,14.7,2.0,5.1,.398,0.8,2.1,.362,1.3,3.0,.424,.473,0.3,0.5,.636,0.2,1.3,1.5,2.4,0.6,0.2,0.2,0.3,5.2
356,Monte Morris,PG,28,DET,6,0,11.3,2.0,5.5,.364,0.3,1.8,.182,1.7,3.7,.455,.394,0.2,0.3,.500,0.3,1.7,2.0,1.3,0.2,0.2,0.3,0.2,4.5
356,Monte Morris,PG,28,MIN,16,0,16.0,2.1,5.0,.413,0.9,2.3,.417,1.1,2.8,.409,.506,0.4,0.6,.667,0.2,1.1,1.3,2.8,0.8,0.2,0.2,0.4,5.4
357,Trey Murphy III,SF,23,NOP,47,14,27.9,4.7,10.6,.438,2.9,7.6,.373,1.8,3.0,.603,.572,1.9,2.4,.777,0.6,3.9,4.5,2.0,0.8,0.6,0.6,1.2,14.0
358,Dejounte Murray,SG,27,ATL,68,68,35.4,8.5,18.3,.463,2.5,6.8,.366,6.0,11.5,.521,.531,2.8,3.5,.803,0.8,4.5,5.3,6.2,1.5,0.3,2.4,1.7,22.3
359,Jamal Murray,PG,26,DEN,54,54,32.1,7.9,16.7,.475,2.4,5.6,.419,5.6,11.1,.503,.545,2.7,3.2,.855,0.7,3.4,4.1,6.7,1.0,0.6,2.1,1.8,20.9
360,Keegan Murray,SF,23,SAC,67,67,33.2,5.7,12.2,.462,2.2,6.2,.356,3.4,6.0,.572,.552,1.4,1.7,.817,1.3,4.1,5.3,1.7,1.1,0.7,0.9,2.7,14.9
Rk,Player,Pos,Age,Tm,G,GS,MP,FG,FGA,FG%,3P,3PA,3P%,2P,2PA,2P%,eFG%,FT,FTA,FT%,ORB,DRB,TRB,AST,STL,BLK,TOV,PF,PTS
361,Kris Murray,SF,23,POR,52,19,19.3,2.1,5.2,.408,0.7,2.5,.265,1.5,2.7,.543,.472,0.5,0.8,.610,1.1,2.1,3.1,1.2,0.9,0.3,0.8,1.3,5.4
362,Mike Muscala,C,32,TOT,44,6,12.1,1.2,3.3,.354,0.6,2.1,.304,0.5,1.2,.442,.451,0.4,0.5,.708,0.8,1.8,2.5,0.8,0.2,0.3,0.4,1.0,3.3
362,Mike Muscala,C,32,WAS,24,2,14.1,1.4,3.8,.367,0.6,2.1,.275,0.8,1.6,.487,.444,0.6,0.8,.750,0.9,2.2,3.1,0.9,0.2,0.3,0.7,1.3,4.0
362,Mike Muscala,C,32,DET,13,4,13.2,1.2,3.4,.341,1.0,2.6,.382,0.2,0.8,.200,.489,0.2,0.3,.500,0.8,1.5,2.2,0.8,0.2,0.4,0.2,1.0,3.5
362,Mike Muscala,C,32,OKC,7,0,3.4,0.4,1.4,.300,0.1,1.0,.143,0.3,0.4,.667,.350,0.0,0.0,,0.1,0.7,0.9,0.1,0.0,0.0,0.0,0.3,1.0
363,Svi Mykhailiuk,SF,26,BOS,33,0,8.9,1.1,2.9,.371,0.8,2.4,.350,0.2,0.5,.471,.515,0.1,0.2,.571,0.2,0.8,1.1,0.7,0.3,0.0,0.3,0.4,3.2
364,Larry Nance Jr.,C,31,NOP,53,0,19.5,2.2,3.7,.597,0.4,1.0,.423,1.8,2.7,.660,.653,0.7,1.0,.736,1.5,3.6,5.1,1.6,1.0,0.3,0.8,1.5,5.6
365,Pete Nance,PF,23,CLE,4,0,2.8,0.0,0.5,.000,0.0,0.0,,0.0,0.5,.000,.000,0.0,0.0,,0.0,0.5,0.5,0.0,0.0,0.0,0.0,0.3,0.0
366,Andrew Nembhard,PG,24,IND,59,38,24.5,3.9,7.7,.499,0.8,2.4,.352,3.0,5.3,.565,.554,0.6,0.8,.800,0.5,1.5,2.0,4.2,0.9,0.1,1.5,2.1,9.2
367,Aaron Nesmith,SF,24,IND,63,38,27.5,4.4,8.8,.498,2.0,4.7,.440,2.3,4.2,.563,.614,1.5,1.9,.754,0.9,2.9,3.7,1.5,1.0,0.7,0.9,3.4,12.3
368,Georges Niang,PF,30,CLE,72,10,22.5,3.4,7.7,.446,1.8,4.8,.374,1.6,2.9,.567,.563,0.7,0.8,.857,0.3,3.3,3.6,1.3,0.3,0.2,0.9,2.3,9.4
369,Daishen Nix,PG,21,MIN,12,0,3.3,0.7,1.7,.400,0.4,1.2,.357,0.3,0.5,.500,.525,0.1,0.3,.250,0.0,0.1,0.1,0.2,0.3,0.0,0.2,0.1,1.8
370,Zeke Nnaji,PF,23,DEN,53,0,9.8,1.2,2.6,.449,0.1,0.4,.238,1.1,2.2,.487,.467,0.8,1.1,.712,1.1,1.0,2.1,0.6,0.2,0.7,0.5,1.4,3.2
371,Jaylen Nowell,SG,24,MEM,9,1,17.3,2.4,6.1,.400,0.4,2.6,.174,2.0,3.6,.563,.436,0.3,0.3,1.000,0.3,1.2,1.6,1.8,0.3,0.0,0.6,1.4,5.7
372,Markquis Nowell,SG,24,TOR,1,0,4.0,0.0,1.0,.000,0.0,0.0,,0.0,1.0,.000,.000,2.0,2.0,1.000,2.0,0.0,2.0,2.0,1.0,0.0,0.0,0.0,2.0
373,Frank Ntilikina,PG,25,CHO,5,0,8.6,0.2,1.8,.111,0.2,1.6,.125,0.0,0.2,.000,.167,0.4,0.4,1.000,0.2,1.0,1.2,0.8,0.0,0.0,0.2,0.8,1.0
374,Jusuf Nurkić,C,29,PHO,68,68,27.2,4.4,8.5,.516,0.3,1.3,.241,4.1,7.3,.564,.534,2.2,3.4,.632,2.9,8.0,11.0,3.8,1.0,1.0,2.3,3.3,11.3
375,Jordan Nwora,SF,25,TOT,43,1,12.4,2.4,5.3,.457,0.7,2.4,.314,1.7,3.0,.570,.526,0.8,1.0,.857,0.4,2.0,2.4,1.0,0.5,0.2,0.8,1.0,6.5
375,Jordan Nwora,SF,25,IND,18,0,10.2,2.1,4.6,.451,0.6,2.0,.306,1.4,2.6,.565,.518,0.5,0.6,.818,0.4,1.4,1.8,1.0,0.3,0.1,0.7,1.1,5.2
375,Jordan Nwora,SF,25,TOR,25,1,14.0,2.7,5.9,.459,0.8,2.6,.318,1.9,3.3,.573,.530,1.1,1.2,.871,0.4,2.4,2.8,1.0,0.6,0.3,1.0,1.0,7.4
376,Royce O'Neale,SF,30,TOT,69,12,24.9,2.8,6.9,.397,2.0,5.4,.372,0.7,1.5,.490,.544,0.3,0.4,.677,0.8,4.0,4.8,2.8,0.7,0.6,1.0,2.2,7.8
376,Royce O'Neale,SF,30,BRK,49,6,24.5,2.6,6.6,.388,2.0,5.4,.366,0.6,1.2,.483,.537,0.3,0.4,.682,0.8,3.7,4.5,2.8,0.7,0.6,1.0,2.4,7.4
376,Royce O'Neale,SF,30,PHO,20,6,26.0,3.2,7.7,.418,2.2,5.6,.387,1.1,2.1,.500,.559,0.3,0.5,.667,0.7,4.8,5.5,3.0,0.9,0.6,0.8,1.8,8.9
377,Chuma Okeke,SF,25,ORL,42,8,9.8,0.9,2.5,.364,0.5,1.9,.291,0.4,0.7,.571,.472,0.0,0.1,.400,0.4,1.4,1.8,0.5,0.2,0.2,0.3,0.5,2.5
378,Josh Okogie,SG,25,PHO,55,11,17.0,1.5,3.7,.413,0.5,1.7,.297,1.0,2.0,.509,.480,1.3,1.8,.740,1.3,1.4,2.7,1.1,0.9,0.4,0.6,1.2,4.9
379,Onyeka Okongwu,C,23,ATL,55,8,25.5,4.1,6.6,.611,0.4,1.3,.333,3.6,5.4,.676,.642,1.7,2.1,.793,2.6,4.2,6.8,1.3,0.5,1.1,0.8,2.9,10.2
380,Isaac Okoro,SF,23,CLE,63,40,27.6,3.5,7.2,.488,1.3,3.2,.389,2.2,3.9,.569,.575,1.3,1.9,.680,1.0,2.0,3.1,2.0,0.9,0.5,0.8,2.1,9.6
Rk,Player,Pos,Age,Tm,G,GS,MP,FG,FGA,FG%,3P,3PA,3P%,2P,2PA,2P%,eFG%,FT,FTA,FT%,ORB,DRB,TRB,AST,STL,BLK,TOV,PF,PTS
381,Kelly Olynyk,C,32,TOT,70,19,21.8,3.3,6.1,.543,0.8,1.9,.393,2.6,4.2,.612,.605,1.8,2.1,.827,1.3,3.7,5.0,4.4,0.9,0.4,1.9,2.9,9.2
381,Kelly Olynyk,C,32,UTA,50,8,20.4,2.9,5.2,.562,0.7,1.7,.429,2.2,3.5,.626,.632,1.6,1.9,.842,1.3,3.8,5.1,4.4,0.7,0.2,1.6,2.6,8.1
381,Kelly Olynyk,C,32,TOR,20,11,25.3,4.4,8.6,.515,0.9,2.6,.333,3.6,6.0,.592,.564,2.2,2.8,.800,1.6,3.4,4.9,4.3,1.4,0.8,2.5,3.6,11.9
382,Eugene Omoruyi,SF,26,WAS,36,0,7.9,1.6,3.3,.492,0.2,0.8,.214,1.5,2.6,.576,.517,0.8,1.1,.692,0.8,1.2,2.0,0.8,0.6,0.1,0.5,1.5,4.2
383,Cedi Osman,SF,28,SAS,68,1,17.3,2.5,5.2,.472,1.1,3.0,.374,1.3,2.2,.607,.580,0.5,0.8,.673,0.3,2.1,2.5,1.6,0.5,0.2,0.6,1.5,6.6
384,Kelly Oubre Jr.,SF,28,PHI,58,42,29.7,5.5,12.6,.441,1.4,4.6,.301,4.1,7.9,.523,.497,2.4,3.3,.738,1.4,3.3,4.7,1.4,1.2,0.6,1.2,2.9,14.9
385,Chris Paul,PG,38,GSW,47,14,26.5,3.5,7.9,.441,1.4,3.6,.382,2.1,4.3,.490,.528,0.9,1.0,.833,0.4,3.6,3.9,7.0,1.2,0.1,1.2,1.9,9.2
386,Cameron Payne,PG,29,TOT,68,6,16.5,2.7,6.2,.437,1.3,3.4,.386,1.4,2.8,.497,.542,0.9,1.0,.866,0.2,1.2,1.4,2.6,0.5,0.1,0.8,1.6,7.5
386,Cameron Payne,PG,29,MIL,47,2,14.9,2.1,4.7,.455,1.1,2.8,.397,1.0,1.9,.538,.572,0.8,0.9,.841,0.1,1.2,1.3,2.3,0.5,0.1,0.7,1.6,6.2
386,Cameron Payne,PG,29,PHI,21,4,20.0,3.9,9.4,.416,1.7,4.6,.371,2.2,4.8,.460,.508,1.0,1.1,.913,0.5,1.1,1.6,3.2,0.5,0.3,1.2,1.7,10.5
387,Gary Payton II,SG,31,GSW,36,0,15.1,2.1,4.0,.521,0.4,1.2,.364,1.6,2.8,.590,.576,0.3,0.5,.611,1.2,1.5,2.7,1.1,0.9,0.3,0.6,1.6,4.9
388,Mãozinha Pereira,SF,23,MEM,3,0,8.3,1.0,3.0,.333,0.3,1.3,.250,0.7,1.7,.400,.389,0.0,0.3,.000,1.0,1.7,2.7,0.0,0.7,0.0,0.3,0.7,2.3
389,Drew Peterson,PF,24,BOS,1,0,3.0,1.0,1.0,1.000,1.0,1.0,1.000,0.0,0.0,,1.500,0.0,0.0,,0.0,0.0,0.0,1.0,0.0,0.0,0.0,1.0,3.0
390,Filip Petrušev,C,23,TOT,3,0,3.3,0.3,0.7,.500,0.0,0.0,,0.3,0.7,.500,.500,0.3,0.7,.500,0.0,0.3,0.3,0.0,0.0,0.0,0.0,0.3,1.0
390,Filip Petrušev,C,23,PHI,1,0,3.0,0.0,0.0,,0.0,0.0,,0.0,0.0,,,0.0,0.0,,0.0,1.0,1.0,0.0,0.0,0.0,0.0,0.0,0.0
390,Filip Petrušev,C,23,SAC,2,0,3.5,0.5,1.0,.500,0.0,0.0,,0.5,1.0,.500,.500,0.5,1.0,.500,0.0,0.0,0.0,0.0,0.0,0.0,0.0,0.5,1.5
391,Julian Phillips,SF,20,CHI,40,0,8.1,0.8,1.9,.416,0.3,1.0,.316,0.5,1.0,.513,.494,0.3,0.5,.684,0.3,0.6,0.9,0.3,0.2,0.2,0.3,1.0,2.2
392,Jalen Pickett,SG,24,DEN,22,0,5.1,0.5,1.4,.387,0.3,1.0,.318,0.2,0.4,.556,.500,0.1,0.2,.750,0.0,0.5,0.5,0.7,0.1,0.0,0.4,0.6,1.5
393,Scotty Pippen Jr.,PG,23,MEM,11,6,23.5,3.9,7.7,.506,1.6,3.0,.545,2.3,4.7,.481,.612,2.2,3.2,.686,1.0,2.3,3.3,4.7,1.3,0.5,2.4,2.5,11.6
394,Mason Plumlee,C,33,LAC,36,9,14.7,2.0,3.2,.617,0.0,0.0,.000,2.0,3.2,.623,.617,1.6,2.4,.694,1.3,3.8,5.1,1.1,0.3,0.4,0.8,1.4,5.6
395,Brandin Podziemski,SG,20,GSW,63,27,26.8,3.7,8.2,.449,1.2,3.3,.375,2.4,4.9,.498,.524,0.7,1.2,.618,1.6,4.1,5.7,3.8,0.9,0.2,1.3,1.7,9.3
396,Jakob Poeltl,C,28,TOR,50,50,26.4,5.0,7.6,.656,0.0,0.0,,5.0,7.6,.656,.656,1.2,2.1,.551,2.9,5.7,8.6,2.5,0.7,1.5,1.5,3.0,11.1
397,Aleksej Pokusevski,PF,22,TOT,18,0,11.8,1.2,3.3,.373,0.4,1.5,.259,0.8,1.8,.469,.432,0.6,0.8,.786,0.6,1.7,2.3,1.3,0.6,0.4,0.6,0.8,3.4
397,Aleksej Pokusevski,PF,22,OKC,10,0,6.0,0.4,1.6,.250,0.2,1.1,.182,0.2,0.5,.400,.313,0.2,0.4,.500,0.2,0.8,1.0,0.5,0.1,0.1,0.3,0.5,1.2
397,Aleksej Pokusevski,PF,22,CHO,8,0,19.1,2.3,5.4,.419,0.6,2.0,.313,1.6,3.4,.481,.477,1.1,1.3,.900,1.1,2.8,3.9,2.3,1.3,0.8,1.0,1.1,6.3
398,Jordan Poole,SG,24,WAS,70,58,29.3,6.0,14.7,.409,2.2,6.9,.322,3.8,7.8,.486,.485,2.5,2.8,.869,0.4,2.2,2.6,3.9,1.1,0.3,2.3,3.2,16.7
399,Craig Porter Jr.,PG,23,CLE,47,5,13.4,2.4,4.8,.511,0.3,0.7,.353,2.2,4.1,.539,.538,0.9,1.2,.732,0.4,1.8,2.3,2.4,0.4,0.3,0.9,0.8,6.0
400,Jontay Porter,PF,24,TOR,26,5,13.8,1.5,4.0,.385,0.8,2.3,.333,0.8,1.7,.455,.481,0.6,0.7,.833,1.0,2.2,3.2,2.3,0.8,0.8,0.8,1.3,4.4
Rk,Player,Pos,Age,Tm,G,GS,MP,FG,FGA,FG%,3P,3PA,3P%,2P,2PA,2P%,eFG%,FT,FTA,FT%,ORB,DRB,TRB,AST,STL,BLK,TOV,PF,PTS
401,Michael Porter Jr.,SF,25,DEN,71,71,31.7,6.5,13.2,.493,2.8,6.9,.405,3.7,6.4,.588,.598,1.1,1.4,.823,1.4,5.6,7.0,1.5,0.5,0.7,1.1,1.8,16.9
402,Otto Porter Jr.,SF,30,TOR,15,1,11.6,0.9,2.2,.424,0.5,1.5,.348,0.4,0.7,.600,.545,0.2,0.2,1.000,0.4,1.5,1.9,0.5,0.3,0.3,0.1,1.3,2.6
403,Bobby Portis,PF,28,MIL,72,1,24.4,5.5,11.0,.501,1.2,3.0,.394,4.3,8.0,.542,.555,1.3,1.6,.788,1.7,5.6,7.3,1.2,0.8,0.4,1.0,2.3,13.5
404,Kristaps Porziņģis,C,28,BOS,50,50,29.6,6.8,13.3,.514,2.0,5.3,.371,4.9,8.0,.608,.588,4.6,5.4,.859,1.7,5.2,6.9,1.9,0.7,1.8,1.6,2.8,20.3
405,Micah Potter,PF,25,UTA,9,0,9.8,1.0,1.7,.600,0.6,1.1,.500,0.4,0.6,.800,.767,0.3,0.3,1.000,0.4,1.6,2.0,0.2,0.0,0.1,0.2,0.4,2.9
406,Dwight Powell,C,32,DAL,57,8,13.4,1.2,1.7,.687,0.0,0.0,.500,1.2,1.7,.691,.692,1.1,1.5,.726,1.5,1.8,3.3,1.4,0.4,0.3,0.5,1.8,3.5
407,Norman Powell,SG,30,LAC,67,1,26.0,5.0,10.1,.493,2.2,5.1,.437,2.8,5.0,.550,.603,1.9,2.3,.834,0.2,2.4,2.6,1.1,0.6,0.3,0.9,1.9,14.1
408,Jason Preston,PG,24,UTA,4,0,7.5,0.5,1.5,.333,0.0,0.0,,0.5,1.5,.333,.333,0.0,0.0,,0.8,1.0,1.8,1.8,0.3,0.0,0.5,0.3,1.0
409,Joshua Primo,SG,21,LAC,2,0,5.0,0.5,1.5,.333,0.0,0.5,.000,0.5,1.0,.500,.333,0.0,0.0,,0.5,0.0,0.5,0.0,0.0,0.5,2.0,0.0,1.0
410,Taurean Prince,PF,29,LAL,68,49,28.0,3.3,7.6,.440,1.9,4.8,.387,1.5,2.8,.532,.562,0.6,0.9,.724,0.2,2.7,3.0,1.6,0.8,0.5,0.9,2.0,9.1
411,Payton Pritchard,PG,26,BOS,72,3,21.6,3.2,7.2,.450,1.8,4.6,.387,1.5,2.6,.561,.573,0.5,0.6,.804,0.9,2.4,3.2,3.1,0.4,0.1,0.7,1.3,8.8
412,Olivier-Maxence Prosper,PF,21,DAL,34,0,7.7,0.8,2.2,.351,0.2,1.0,.235,0.5,1.2,.450,.405,0.7,1.0,.676,0.5,1.3,1.8,0.6,0.1,0.1,0.1,0.5,2.4
413,Trevelin Queen,SG,26,ORL,13,0,12.5,1.1,2.9,.368,0.2,1.3,.176,0.8,1.6,.524,.408,0.7,0.9,.750,0.2,1.2,1.5,1.4,0.5,0.4,0.5,1.2,3.1
414,Neemias Queta,C,24,BOS,26,0,11.4,2.0,3.2,.614,0.0,0.0,,2.0,3.2,.614,.614,0.7,0.9,.708,1.8,2.3,4.1,0.5,0.4,0.6,0.4,1.8,4.6
415,Immanuel Quickley,PG-SG,24,TOT,62,32,28.9,5.6,13.0,.432,2.5,6.2,.396,3.1,6.7,.465,.527,2.7,3.3,.829,0.2,3.4,3.6,4.6,0.7,0.1,1.4,1.6,16.4
415,Immanuel Quickley,SG,24,NYK,30,0,24.0,5.1,11.2,.454,2.1,5.4,.395,2.9,5.8,.509,.549,2.7,3.1,.872,0.2,2.4,2.6,2.5,0.5,0.1,1.0,1.5,15.0
415,Immanuel Quickley,PG,24,TOR,32,32,33.5,6.1,14.6,.417,2.8,7.0,.397,3.3,7.6,.434,.512,2.8,3.5,.793,0.3,4.3,4.7,6.6,0.8,0.2,1.7,1.8,17.7
416,Lester Quinones,SG,23,GSW,32,0,11.3,1.5,3.8,.397,0.8,2.3,.360,0.7,1.4,.457,.508,0.6,0.8,.667,0.6,1.5,2.2,1.0,0.2,0.1,0.5,1.3,4.4
417,Jahmi'us Ramsey,SG,22,TOR,7,1,17.3,2.6,5.9,.439,0.9,3.1,.273,1.7,2.7,.632,.512,0.7,0.9,.833,0.6,2.6,3.1,1.1,1.0,0.0,1.0,1.4,6.7
418,Julius Randle,PF,29,NYK,46,46,35.4,8.6,18.2,.472,1.7,5.3,.311,6.9,12.9,.539,.518,5.1,6.6,.781,2.2,7.0,9.2,5.0,0.5,0.3,3.5,2.7,24.0
419,Duop Reath,C,27,POR,58,19,18.1,3.4,7.2,.477,1.4,3.6,.380,2.1,3.6,.573,.572,1.1,1.4,.735,1.4,2.2,3.6,1.0,0.5,0.6,0.8,2.5,9.3
420,Austin Reaves,SG,25,LAL,72,47,32.0,5.6,11.4,.491,1.9,5.0,.377,3.7,6.4,.582,.575,3.0,3.5,.860,0.7,3.6,4.3,5.6,0.8,0.3,2.1,1.8,16.1
Rk,Player,Pos,Age,Tm,G,GS,MP,FG,FGA,FG%,3P,3PA,3P%,2P,2PA,2P%,eFG%,FT,FTA,FT%,ORB,DRB,TRB,AST,STL,BLK,TOV,PF,PTS
421,Cam Reddish,SF,24,LAL,43,26,21.7,2.1,5.2,.397,0.8,2.5,.336,1.2,2.7,.453,.478,1.0,1.3,.759,0.5,1.6,2.2,1.1,1.1,0.3,0.7,1.4,5.9
422,Paul Reed,C,24,PHI,72,23,19.2,3.1,5.8,.533,0.3,0.7,.365,2.8,5.0,.556,.555,0.7,1.0,.743,2.4,3.5,5.9,1.3,0.8,1.0,0.8,2.4,7.1
423,Naz Reid,C,24,MIN,70,5,23.6,4.9,10.1,.484,2.1,4.9,.421,2.8,5.2,.544,.587,1.3,1.7,.756,1.0,4.1,5.1,1.2,0.7,0.9,1.3,2.1,13.1
424,Jared Rhoden,SG,24,DET,9,0,10.8,1.4,2.7,.542,0.4,1.2,.364,1.0,1.4,.692,.625,0.2,0.2,1.000,0.1,1.6,1.7,0.8,0.1,0.4,0.7,1.3,3.6
425,Nick Richards,C,26,CHO,61,48,26.6,3.9,5.7,.681,0.0,0.0,.000,3.9,5.6,.683,.681,2.1,2.8,.737,2.7,5.6,8.3,0.8,0.4,1.2,1.1,2.6,9.8
426,Josh Richardson,SG,30,MIA,43,6,25.7,3.6,8.1,.444,1.5,4.4,.347,2.0,3.7,.561,.539,1.2,1.3,.944,0.4,2.4,2.8,2.4,0.6,0.3,0.8,1.8,9.9
427,Duncan Robinson,SF,29,MIA,63,31,28.5,4.7,10.3,.457,2.9,7.1,.405,1.8,3.2,.575,.597,1.2,1.4,.886,0.2,2.3,2.6,3.0,0.7,0.2,1.4,2.4,13.5
428,Jerome Robinson,SG,26,GSW,18,0,3.7,0.4,1.4,.320,0.1,0.8,.143,0.3,0.6,.545,.360,0.3,0.6,.600,0.1,0.2,0.3,0.3,0.0,0.2,0.1,0.3,1.3
429,Mitchell Robinson,C,25,NYK,21,21,29.2,2.8,4.7,.592,0.0,0.0,,2.8,4.7,.592,.592,0.7,1.8,.368,5.3,5.0,10.3,0.7,1.5,1.3,1.0,1.9,6.2
430,Orlando Robinson,C,23,MIA,32,7,9.3,1.1,2.3,.500,0.3,0.5,.533,0.9,1.8,.491,.556,0.6,0.8,.760,0.9,1.8,2.6,1.1,0.2,0.3,0.6,1.1,3.1
431,Jeremiah Robinson-Earl,PF,23,NOP,33,1,9.3,1.3,2.6,.488,0.4,1.0,.353,0.9,1.6,.577,.558,0.4,0.5,.800,0.6,1.5,2.1,0.6,0.3,0.1,0.4,0.7,3.3
432,David Roddy,PF,22,TOT,61,13,19.1,2.7,6.6,.405,0.8,2.7,.294,1.9,4.0,.479,.464,0.8,1.1,.691,0.9,2.5,3.4,1.3,0.4,0.2,0.9,1.1,6.9
432,David Roddy,PF,22,MEM,48,13,23.2,3.2,8.0,.402,1.0,3.3,.301,2.3,4.8,.470,.462,1.0,1.4,.687,1.1,3.1,4.2,1.6,0.5,0.2,1.1,1.4,8.4
432,David Roddy,PF,22,PHO,13,0,3.8,0.7,1.5,.474,0.1,0.5,.143,0.6,0.9,.667,.500,0.1,0.1,1.000,0.1,0.4,0.5,0.2,0.2,0.0,0.2,0.2,1.5
433,Ryan Rollins,PG,21,WAS,10,0,6.6,1.3,2.5,.520,0.2,0.3,.667,1.1,2.2,.500,.560,1.3,1.7,.765,0.2,0.9,1.1,1.1,0.8,0.3,0.7,0.7,4.1
434,Derrick Rose,PG,35,MEM,24,7,16.6,3.2,6.9,.461,0.6,1.7,.366,2.5,5.2,.492,.506,1.0,1.1,.889,0.3,1.6,1.9,3.3,0.3,0.1,1.3,0.9,8.0
435,Terry Rozier,SG-PG,29,TOT,55,54,33.9,7.3,16.5,.440,2.2,6.5,.336,5.1,10.0,.507,.506,2.9,3.4,.866,0.6,3.6,4.2,5.9,1.0,0.3,1.8,1.7,19.7
435,Terry Rozier,SG,29,CHO,30,30,35.5,8.4,18.3,.459,2.8,7.7,.358,5.6,10.6,.533,.535,3.6,4.3,.845,0.6,3.3,3.9,6.6,1.1,0.4,2.2,1.7,23.2
435,Terry Rozier,PG,29,MIA,25,24,32.0,5.9,14.4,.410,1.5,5.1,.297,4.4,9.3,.472,.463,2.1,2.3,.914,0.7,3.8,4.5,5.0,0.8,0.3,1.3,1.8,15.5
436,Rayan Rupert,SG,19,POR,29,2,10.6,1.1,2.9,.381,0.5,1.2,.417,0.6,1.7,.354,.470,0.4,0.6,.765,0.5,1.2,1.7,1.1,0.2,0.0,0.6,0.9,3.2
437,D'Angelo Russell,PG,27,LAL,66,59,32.4,6.6,14.2,.463,2.9,6.9,.423,3.7,7.3,.501,.566,2.1,2.6,.820,0.4,2.7,3.1,6.4,0.9,0.5,2.0,2.0,18.2
438,Matt Ryan,SF,26,NOP,22,1,16.5,2.2,5.0,.450,1.9,4.0,.466,0.4,1.0,.381,.638,0.6,0.6,.929,0.3,1.5,1.8,0.8,0.3,0.0,0.8,1.4,6.9
439,Domantas Sabonis,C,27,SAC,72,72,35.8,7.9,13.0,.604,0.4,1.1,.403,7.4,12.0,.623,.621,3.6,5.0,.711,3.5,10.2,13.7,8.3,0.9,0.6,3.3,3.0,19.7
440,Luka Šamanić,PF,24,UTA,35,3,6.9,1.0,2.7,.368,0.3,1.1,.250,0.7,1.6,.455,.421,0.7,0.8,.852,0.3,1.5,1.8,0.3,0.1,0.2,0.4,0.7,2.9
Rk,Player,Pos,Age,Tm,G,GS,MP,FG,FGA,FG%,3P,3PA,3P%,2P,2PA,2P%,eFG%,FT,FTA,FT%,ORB,DRB,TRB,AST,STL,BLK,TOV,PF,PTS
441,Jermaine Samuels,SF,25,HOU,11,0,4.8,0.7,1.0,.727,0.0,0.2,.000,0.7,0.8,.889,.727,0.2,0.2,1.000,0.2,0.8,1.0,0.2,0.1,0.1,0.0,0.4,1.6
442,Adama Sanogo,PF,21,CHI,4,0,3.0,1.0,1.0,1.000,0.0,0.0,,1.0,1.0,1.000,1.000,0.5,0.8,.667,0.8,1.0,1.8,0.0,0.0,0.0,0.3,0.0,2.5
443,Gui Santos,PF,21,GSW,19,0,8.1,1.1,2.2,.500,0.4,1.1,.400,0.7,1.2,.591,.595,0.7,0.8,.933,0.8,1.5,2.3,0.6,0.2,0.1,0.4,0.9,3.4
444,Dario Šarić,C,29,GSW,62,9,17.4,2.9,6.1,.465,1.2,3.1,.376,1.7,3.0,.556,.560,1.2,1.4,.854,1.1,3.3,4.5,2.3,0.5,0.1,1.2,1.8,8.1
445,Olivier Sarr,C,24,OKC,14,0,6.8,0.8,1.4,.579,0.1,0.4,.333,0.6,0.9,.692,.632,0.7,1.1,.667,0.7,1.8,2.5,0.1,0.0,0.5,0.2,1.3,2.4
446,Marcus Sasser,PG,23,DET,63,3,17.5,2.8,6.5,.439,1.2,3.0,.386,1.7,3.5,.484,.528,0.7,0.8,.868,0.1,1.6,1.7,3.2,0.6,0.1,1.1,1.4,7.6
447,Admiral Schofield,PF,26,ORL,20,0,3.6,0.4,1.1,.364,0.2,0.7,.308,0.2,0.5,.444,.455,0.0,0.1,.000,0.1,0.6,0.7,0.3,0.1,0.0,0.2,0.4,1.0
448,Dennis Schröder,PG,30,TOT,72,50,30.9,5.0,11.3,.438,1.7,4.5,.372,3.3,6.8,.481,.512,2.2,2.7,.822,0.4,2.4,2.8,6.0,0.8,0.2,2.0,2.0,13.8
448,Dennis Schröder,PG,30,TOR,51,33,30.6,4.8,11.0,.442,1.5,4.3,.350,3.3,6.6,.501,.511,2.5,2.9,.852,0.4,2.3,2.7,6.1,0.9,0.2,1.6,2.1,13.7
448,Dennis Schröder,PG,30,BRK,21,17,31.6,5.2,12.2,.428,2.1,5.0,.419,3.1,7.2,.434,.514,1.4,2.0,.714,0.4,2.5,3.0,5.8,0.6,0.3,2.8,1.9,14.0
449,Dereon Seabron,SG,23,NOP,6,0,9.2,0.7,2.2,.308,0.2,0.3,.500,0.5,1.8,.273,.346,0.8,1.0,.833,0.2,1.0,1.2,0.8,0.3,0.2,0.0,0.7,2.3
450,Alperen Sengun,C,21,HOU,63,63,32.5,8.4,15.6,.537,0.5,1.8,.297,7.8,13.8,.567,.553,3.9,5.6,.693,2.9,6.4,9.3,5.0,1.2,0.7,2.6,3.3,21.1
451,Brice Sensabaugh,SF,20,UTA,22,6,15.8,2.1,5.5,.385,0.6,2.8,.226,1.5,2.7,.550,.443,0.8,0.9,.850,0.4,2.4,2.8,1.5,0.3,0.1,1.4,1.0,5.7
452,Collin Sexton,SG,25,UTA,72,45,26.2,6.4,13.1,.493,1.7,4.2,.405,4.8,8.9,.533,.557,4.0,4.6,.861,0.9,1.7,2.6,4.8,0.8,0.2,2.0,1.9,18.5
453,Landry Shamet,SG,26,WAS,46,5,15.8,2.6,6.0,.431,1.2,3.4,.338,1.4,2.5,.556,.527,0.8,1.0,.826,0.3,1.0,1.3,1.2,0.5,0.2,0.7,1.7,7.1
454,Day'Ron Sharpe,C,22,BRK,54,1,15.4,2.9,4.9,.581,0.1,0.2,.333,2.8,4.7,.592,.588,1.3,2.2,.607,2.7,3.8,6.5,1.5,0.4,0.8,1.1,2.2,7.1
455,Shaedon Sharpe,SG,20,POR,32,25,33.1,5.5,13.6,.406,1.9,5.6,.333,3.6,7.9,.457,.475,3.1,3.7,.824,1.3,3.7,5.0,2.9,0.9,0.4,2.3,2.8,15.9
456,Ben Sheppard,SG,22,IND,48,1,13.2,1.5,3.6,.417,0.8,2.5,.328,0.7,1.2,.607,.529,0.4,0.5,.870,0.2,1.3,1.5,0.8,0.5,0.0,0.2,1.5,4.3
457,Pascal Siakam,PF,29,TOT,71,71,33.7,8.6,16.0,.537,1.1,3.3,.338,7.5,12.8,.588,.571,3.6,5.0,.727,1.7,5.3,7.0,4.5,0.8,0.3,1.8,2.4,21.9
457,Pascal Siakam,PF,29,TOR,39,39,34.7,8.3,16.0,.522,1.2,3.7,.317,7.2,12.3,.584,.559,4.3,5.7,.758,1.4,4.9,6.3,4.9,0.8,0.3,2.1,2.2,22.2
457,Pascal Siakam,PF,29,IND,32,32,32.4,8.9,16.1,.555,1.0,2.7,.372,7.9,13.4,.592,.586,2.8,4.1,.674,2.1,5.8,7.8,4.0,0.8,0.4,1.4,2.5,21.7
458,Ben Simmons,PG,27,BRK,15,12,23.9,2.9,4.9,.581,0.0,0.0,,2.9,4.9,.581,.581,0.4,1.0,.400,2.1,5.9,7.9,5.7,0.8,0.6,1.8,2.4,6.1
459,Kobi Simmons,PG,26,TOR,1,0,17.0,3.0,6.0,.500,1.0,2.0,.500,2.0,4.0,.500,.583,0.0,0.0,,1.0,1.0,2.0,0.0,2.0,0.0,1.0,1.0,7.0
460,Anfernee Simons,SG,24,POR,46,46,34.4,7.8,18.2,.430,3.4,8.8,.385,4.4,9.4,.472,.523,3.5,3.9,.916,0.5,3.2,3.6,5.5,0.5,0.1,2.7,2.1,22.6
Rk,Player,Pos,Age,Tm,G,GS,MP,FG,FGA,FG%,3P,3PA,3P%,2P,2PA,2P%,eFG%,FT,FTA,FT%,ORB,DRB,TRB,AST,STL,BLK,TOV,PF,PTS
461,Jericho Sims,C,25,NYK,42,10,13.2,0.9,1.3,.717,0.0,0.0,,0.9,1.3,.717,.717,0.3,0.5,.636,1.3,2.1,3.4,0.6,0.2,0.4,0.4,1.0,2.1
462,Dmytro Skapintsev,C,25,NYK,2,0,1.0,0.0,0.5,.000,0.0,0.0,,0.0,0.5,.000,.000,0.0,0.0,,0.0,0.0,0.0,0.0,0.0,0.0,0.0,0.0,0.0
463,Jalen Slawson,SF,24,SAC,9,0,3.4,0.3,0.6,.600,0.0,0.2,.000,0.3,0.3,1.000,.600,0.0,0.0,,0.1,0.7,0.8,0.2,0.1,0.1,0.2,0.8,0.7
464,Javonte Smart,PG,24,PHI,1,0,1.0,0.0,0.0,,0.0,0.0,,0.0,0.0,,,0.0,0.0,,0.0,0.0,0.0,0.0,0.0,0.0,0.0,0.0,0.0
465,Marcus Smart,PG,29,MEM,20,20,30.3,5.1,11.9,.430,2.1,6.7,.313,3.0,5.2,.583,.519,2.2,2.8,.768,0.3,2.4,2.7,4.3,2.1,0.3,3.1,2.7,14.5
466,Dennis Smith Jr.,PG,26,BRK,55,2,19.2,2.7,6.1,.435,0.6,2.0,.296,2.1,4.1,.500,.482,0.8,1.1,.741,0.9,2.1,3.0,3.7,1.2,0.2,1.2,2.2,6.7
467,Dru Smith,SG,26,MIA,9,0,14.6,1.7,3.7,.455,0.8,1.9,.412,0.9,1.8,.500,.561,0.2,0.2,1.000,0.7,0.9,1.6,1.6,1.0,0.3,0.6,1.3,4.3
468,Ish Smith,PG,35,CHO,43,5,17.2,1.5,3.7,.418,0.1,0.2,.500,1.4,3.5,.413,.430,0.1,0.1,.750,0.3,1.5,1.8,3.4,0.4,0.1,1.1,1.1,3.2
469,Jabari Smith Jr.,PF,20,HOU,65,65,31.5,4.8,10.7,.452,1.7,4.7,.357,3.2,6.0,.527,.531,1.9,2.3,.821,2.0,6.5,8.5,1.5,0.7,0.7,1.2,2.7,13.3
470,Jalen Smith,C,23,IND,52,13,17.6,3.9,6.5,.605,1.1,2.4,.441,2.8,4.0,.705,.688,1.2,1.8,.681,1.7,3.8,5.5,1.1,0.2,0.6,0.7,2.1,10.2
471,Nick Smith Jr.,SG,19,CHO,45,0,14.2,2.1,5.4,.393,1.2,2.8,.424,1.0,2.6,.361,.502,0.2,0.3,.846,0.4,1.0,1.3,1.2,0.2,0.2,0.8,1.2,5.7
472,Terquavion Smith,PG,21,PHI,12,0,5.8,1.3,3.3,.400,1.0,2.6,.387,0.3,0.8,.444,.550,0.2,0.3,.667,0.0,0.2,0.2,0.8,0.6,0.0,0.3,0.3,3.8
473,Jeremy Sochan,PF,20,SAS,72,71,29.7,4.6,10.5,.437,0.9,3.1,.309,3.7,7.5,.490,.482,1.5,2.0,.775,1.9,4.6,6.5,3.4,0.8,0.5,1.9,2.3,11.7
474,Pat Spencer,PG,27,GSW,3,0,2.0,0.3,0.3,1.000,0.0,0.0,,0.3,0.3,1.000,1.000,0.0,0.0,,0.0,0.0,0.0,0.7,0.0,0.0,0.0,0.0,0.7
475,Jaden Springer,SG-PG,21,TOT,45,1,10.0,1.2,3.0,.382,0.2,1.0,.182,1.0,2.0,.478,.412,0.7,0.8,.833,0.7,0.8,1.5,0.9,0.6,0.3,0.7,1.3,3.2
475,Jaden Springer,SG,21,PHI,32,1,11.8,1.4,3.7,.390,0.3,1.2,.216,1.2,2.5,.469,.424,0.9,1.1,.824,0.8,1.0,1.8,1.1,0.8,0.3,0.8,1.5,4.0
475,Jaden Springer,PG,21,BOS,13,0,5.5,0.5,1.4,.333,0.0,0.5,.000,0.5,0.8,.545,.333,0.2,0.2,1.000,0.6,0.2,0.8,0.4,0.2,0.2,0.3,0.8,1.1
476,Lamar Stevens,PF,26,TOT,32,2,12.7,2.6,5.3,.482,0.3,0.8,.385,2.3,4.5,.500,.512,1.0,1.3,.786,0.8,2.1,2.9,0.6,0.4,0.5,0.7,1.2,6.5
476,Lamar Stevens,PF,26,BOS,19,1,6.4,1.1,2.4,.467,0.2,0.4,.375,0.9,1.9,.486,.500,0.4,0.6,.727,0.6,1.0,1.6,0.4,0.3,0.3,0.5,0.7,2.8
476,Lamar Stevens,PF,26,MEM,13,1,21.8,4.7,9.6,.488,0.5,1.4,.389,4.2,8.2,.505,.516,1.9,2.4,.806,1.2,3.6,4.8,0.8,0.6,0.8,1.1,1.8,11.8
477,Isaiah Stewart,PF,22,DET,46,45,30.9,4.0,8.3,.487,1.5,3.8,.383,2.6,4.5,.575,.575,1.4,1.8,.753,1.6,5.0,6.6,1.6,0.4,0.8,1.4,2.2,10.9
478,Julian Strawther,SF,21,DEN,42,0,12.4,1.9,5.0,.379,1.0,3.1,.303,1.0,1.9,.506,.474,0.5,0.6,.741,0.1,1.2,1.3,1.0,0.4,0.2,0.5,1.2,5.2
479,Max Strus,SF,27,CLE,60,60,32.2,4.4,10.6,.412,2.4,7.1,.340,2.0,3.6,.553,.525,1.0,1.3,.785,0.9,3.9,4.7,3.8,0.9,0.5,1.5,2.6,12.2
480,Jalen Suggs,SG,22,ORL,64,64,26.8,4.5,9.6,.464,2.1,5.3,.398,2.4,4.3,.545,.573,1.5,1.9,.756,0.7,2.5,3.2,2.6,1.4,0.6,1.9,2.8,12.5
Rk,Player,Pos,Age,Tm,G,GS,MP,FG,FGA,FG%,3P,3PA,3P%,2P,2PA,2P%,eFG%,FT,FTA,FT%,ORB,DRB,TRB,AST,STL,BLK,TOV,PF,PTS
481,Cole Swider,SF,24,MIA,14,0,5.9,1.1,2.6,.417,0.7,2.0,.357,0.4,0.6,.625,.556,0.1,0.1,1.000,0.1,0.4,0.5,0.3,0.1,0.1,0.6,0.1,3.0
482,Jae'Sean Tate,SF,28,HOU,61,9,16.5,1.8,3.7,.473,0.4,1.3,.299,1.4,2.4,.564,.524,0.4,0.6,.676,1.0,2.2,3.1,1.0,0.7,0.2,0.5,2.2,4.3
483,Jayson Tatum,PF,25,BOS,67,67,35.8,9.2,19.5,.473,3.2,8.3,.379,6.1,11.1,.544,.554,5.7,6.8,.831,0.9,7.3,8.2,4.9,1.0,0.6,2.6,2.0,27.3
484,Terry Taylor,PF,24,CHI,28,0,6.3,0.7,1.3,.514,0.1,0.3,.222,0.6,1.0,.607,.541,0.1,0.1,.667,0.5,0.7,1.3,0.3,0.1,0.1,0.3,0.6,1.5
485,Garrett Temple,SG,37,TOR,19,0,6.0,0.6,1.4,.444,0.3,0.7,.357,0.4,0.7,.538,.537,0.4,0.4,.875,0.3,0.8,1.1,0.7,0.3,0.1,0.3,0.5,1.9
486,Dalen Terry,SG,21,CHI,49,1,10.5,1.0,2.4,.422,0.3,1.2,.241,0.7,1.2,.603,.483,0.4,0.7,.618,0.4,1.3,1.8,1.3,0.4,0.2,0.5,1.2,2.7
487,Daniel Theis,C,31,TOT,55,3,16.6,2.5,4.7,.527,0.4,1.1,.373,2.1,3.7,.572,.569,0.6,0.8,.739,1.4,2.5,3.9,1.1,0.3,0.8,0.7,2.1,6.0
487,Daniel Theis,C,31,IND,1,0,8.0,1.0,4.0,.250,0.0,1.0,.000,1.0,3.0,.333,.250,0.0,0.0,,0.0,0.0,0.0,0.0,0.0,0.0,0.0,1.0,2.0
487,Daniel Theis,C,31,LAC,54,3,16.8,2.5,4.7,.531,0.4,1.1,.379,2.1,3.7,.576,.574,0.6,0.9,.739,1.4,2.5,3.9,1.1,0.4,0.9,0.7,2.2,6.1
488,Cam Thomas,SG,22,BRK,56,41,30.6,7.7,17.5,.442,2.0,5.7,.357,5.7,11.8,.483,.501,4.0,4.7,.844,0.4,2.8,3.2,2.8,0.7,0.2,1.9,2.1,21.5
489,Isaiah Thomas,PG,34,PHO,1,0,2.0,0.0,1.0,.000,0.0,0.0,,0.0,1.0,.000,.000,0.0,0.0,,0.0,0.0,0.0,1.0,0.0,0.0,0.0,0.0,0.0
490,Amen Thompson,SF,21,HOU,52,13,20.7,3.6,6.8,.530,0.2,1.0,.148,3.4,5.7,.599,.541,1.5,2.2,.661,2.0,4.0,6.0,2.3,1.2,0.6,1.4,2.3,8.8
491,Ausar Thompson,SF,21,DET,63,38,25.1,3.7,7.6,.483,0.3,1.8,.186,3.3,5.8,.575,.505,1.1,1.9,.597,2.0,4.3,6.4,1.9,1.1,0.9,1.3,2.8,8.8
492,Klay Thompson,SF,33,GSW,68,54,29.6,6.2,14.6,.425,3.4,8.9,.383,2.8,5.7,.491,.542,1.6,1.8,.917,0.5,2.9,3.4,2.2,0.6,0.5,1.5,1.7,17.4
493,Tristan Thompson,C,32,CLE,42,0,12.2,1.6,2.5,.645,0.0,0.0,.000,1.6,2.5,.651,.645,0.4,1.1,.313,1.6,2.3,3.9,1.1,0.3,0.3,0.7,1.4,3.6
494,JT Thor,PF,21,CHO,53,1,12.3,1.1,2.9,.379,0.4,1.3,.324,0.7,1.6,.424,.451,0.1,0.2,.538,0.7,1.5,2.2,0.4,0.2,0.4,0.2,0.9,2.7
495,Matisse Thybulle,SF,26,POR,64,19,23.1,2.0,4.9,.400,1.3,3.6,.349,0.7,1.3,.535,.527,0.3,0.5,.759,0.5,1.6,2.1,1.4,1.8,0.8,0.6,1.4,5.5
496,Xavier Tillman Sr.,C-PF,25,TOT,45,14,19.4,2.3,5.4,.422,0.3,1.5,.221,2.0,3.9,.500,.453,0.5,1.0,.447,1.5,2.8,4.3,1.5,1.0,0.9,0.7,1.6,5.4
496,Xavier Tillman Sr.,C,25,MEM,34,13,20.6,2.6,6.3,.408,0.4,1.6,.226,2.2,4.7,.469,.437,0.5,1.3,.419,1.6,3.0,4.6,1.7,1.2,1.0,0.9,1.8,6.0
496,Xavier Tillman Sr.,PF,25,BOS,11,1,15.5,1.5,2.8,.516,0.3,1.4,.200,1.2,1.5,.813,.565,0.3,0.4,.750,0.9,2.4,3.3,0.9,0.5,0.5,0.3,0.9,3.5
497,Jacob Toppin,SF,23,NYK,9,0,4.2,0.6,1.0,.556,0.1,0.4,.250,0.4,0.6,.800,.611,0.2,0.2,1.000,0.3,0.4,0.8,0.3,0.0,0.1,0.1,0.3,1.4
498,Obi Toppin,PF,25,IND,73,28,21.5,4.0,7.0,.566,1.2,3.1,.399,2.7,3.9,.694,.653,0.9,1.2,.756,1.0,2.8,3.9,1.5,0.5,0.5,0.8,1.8,10.1
499,Juan Toscano-Anderson,SF,30,SAC,11,0,4.8,0.3,1.1,.250,0.1,0.4,.250,0.2,0.7,.250,.292,0.0,0.0,,0.4,0.9,1.3,0.4,0.1,0.1,0.2,1.0,0.6
500,Karl-Anthony Towns,PF,28,MIN,60,60,32.8,7.9,15.5,.506,2.2,5.3,.423,5.6,10.3,.550,.578,4.2,4.8,.874,1.5,6.9,8.4,3.0,0.7,0.7,2.8,3.3,22.1
Rk,Player,Pos,Age,Tm,G,GS,MP,FG,FGA,FG%,3P,3PA,3P%,2P,2PA,2P%,eFG%,FT,FTA,FT%,ORB,DRB,TRB,AST,STL,BLK,TOV,PF,PTS
501,Gary Trent Jr.,SG,25,TOR,64,34,27.7,4.8,11.4,.422,2.5,6.3,.401,2.3,5.2,.447,.532,1.0,1.3,.765,0.4,2.2,2.6,1.5,1.0,0.2,0.6,1.3,13.1
502,Oscar Tshiebwe,PF,24,IND,8,0,5.3,1.3,2.5,.500,0.0,0.0,,1.3,2.5,.500,.500,0.8,1.0,.750,1.0,1.0,2.0,0.3,0.3,0.1,0.0,0.4,3.3
503,P.J. Tucker,PF,38,TOT,24,4,16.0,0.5,1.6,.342,0.4,1.2,.357,0.1,0.4,.300,.474,0.1,0.1,1.000,1.0,2.0,3.0,0.5,0.5,0.3,0.3,2.0,1.6
503,P.J. Tucker,PF,38,PHI,3,3,22.0,0.7,1.7,.400,0.7,1.7,.400,0.0,0.0,,.600,0.0,0.0,,0.3,4.3,4.7,0.0,1.0,0.7,0.7,3.0,2.0
503,P.J. Tucker,PF,38,LAC,21,1,15.2,0.5,1.6,.333,0.4,1.1,.348,0.1,0.5,.300,.455,0.1,0.1,1.000,1.0,1.7,2.7,0.6,0.5,0.2,0.3,1.8,1.6
504,Myles Turner,C,27,IND,69,69,27.3,6.2,11.9,.521,1.5,4.1,.354,4.7,7.8,.610,.583,3.2,4.2,.772,1.5,5.4,7.0,1.3,0.5,1.8,1.4,3.1,17.1
505,Hunter Tyson,PF,23,DEN,12,0,3.0,0.4,1.3,.333,0.3,0.9,.273,0.2,0.3,.500,.433,0.0,0.0,,0.1,0.7,0.8,0.2,0.0,0.0,0.2,0.8,1.1
506,Stanley Umude,SG,24,DET,24,2,12.8,1.5,3.5,.440,1.0,2.2,.453,0.5,1.3,.419,.583,1.2,1.3,.906,0.3,1.8,2.1,0.5,0.3,0.3,0.6,1.7,5.3
507,Jonas Valančiūnas,C,31,NOP,72,72,24.1,5.0,8.9,.563,0.5,1.5,.336,4.5,7.4,.608,.591,2.0,2.5,.794,2.4,6.7,9.1,2.1,0.4,0.9,1.3,2.8,12.5
508,Jarred Vanderbilt,PF,24,LAL,29,6,20.0,2.0,3.9,.518,0.3,0.9,.296,1.8,3.0,.586,.553,0.8,1.2,.667,1.4,3.3,4.8,1.2,1.2,0.2,1.0,1.5,5.2
509,Fred VanVleet,PG,29,HOU,64,64,36.5,5.6,13.5,.413,3.1,7.9,.387,2.5,5.6,.448,.526,2.6,3.0,.865,0.4,3.3,3.7,8.2,1.3,0.8,1.8,2.3,16.8
510,Devin Vassell,SG,23,SAS,66,60,32.8,7.2,15.4,.469,2.4,6.5,.371,4.8,8.9,.541,.548,2.4,3.0,.802,0.4,3.5,3.9,4.0,1.1,0.3,1.5,1.1,19.2
511,Sasha Vezenkov,PF,28,SAC,35,0,12.6,2.1,4.7,.448,1.1,2.9,.380,1.0,1.9,.554,.564,0.3,0.4,.769,0.9,1.6,2.5,0.4,0.5,0.2,0.3,1.0,5.6
512,Gabe Vincent,PG,27,LAL,5,0,25.4,2.4,6.4,.375,0.4,3.4,.118,2.0,3.0,.667,.406,0.2,0.4,.500,0.4,0.6,1.0,3.0,1.2,0.0,0.4,2.4,5.4
513,Nikola Vučević,C,33,CHI,67,65,34.4,7.7,16.0,.482,1.2,4.1,.282,6.6,11.9,.551,.518,1.4,1.6,.827,2.8,7.8,10.6,3.3,0.7,0.8,1.6,2.6,18.0
514,Tristan Vukcevic,C,20,WAS,2,0,6.0,1.0,2.5,.400,1.0,2.0,.500,0.0,0.5,.000,.600,0.0,0.0,,0.0,2.0,2.0,0.0,0.0,0.0,0.5,1.0,3.0
515,Dean Wade,PF,27,CLE,54,32,20.5,1.8,4.3,.414,1.5,3.7,.391,0.3,0.6,.567,.584,0.4,0.5,.769,0.7,3.4,4.0,0.8,0.7,0.5,0.4,1.7,5.4
516,Franz Wagner,SF,22,ORL,63,63,32.7,7.4,15.4,.481,1.4,4.8,.290,6.0,10.7,.566,.526,3.6,4.3,.848,1.0,4.4,5.4,3.9,1.0,0.4,2.0,2.4,19.8
517,Moritz Wagner,C,26,ORL,69,1,17.9,4.2,7.0,.598,0.5,1.5,.327,3.7,5.5,.670,.632,2.2,2.7,.812,1.5,3.0,4.4,1.2,0.5,0.3,1.2,2.0,11.0
518,Ish Wainright,SF,29,TOT,10,0,6.1,0.7,2.4,.292,0.7,2.0,.350,0.0,0.4,.000,.438,0.2,0.2,1.000,0.3,1.1,1.4,0.1,0.4,0.1,0.2,0.8,2.3
518,Ish Wainright,SF,29,POR,7,0,6.6,0.9,2.6,.333,0.9,2.3,.375,0.0,0.3,.000,.500,0.3,0.3,1.000,0.0,1.3,1.3,0.0,0.3,0.1,0.1,0.6,2.9
518,Ish Wainright,SF,29,PHO,3,0,5.0,0.3,2.0,.167,0.3,1.3,.250,0.0,0.7,.000,.250,0.0,0.0,,1.0,0.7,1.7,0.3,0.7,0.0,0.3,1.3,1.0
519,Jabari Walker,SF,21,POR,63,15,22.4,3.2,6.7,.480,0.5,1.8,.284,2.7,4.8,.554,.519,1.7,2.2,.757,2.0,4.5,6.5,0.9,0.6,0.3,0.9,2.4,8.6
520,Jarace Walker,PF,20,IND,28,0,10.8,1.4,3.5,.404,0.7,1.8,.392,0.7,1.7,.417,.505,0.3,0.3,.889,0.4,1.6,2.0,1.3,0.5,0.4,0.5,1.0,3.9
Rk,Player,Pos,Age,Tm,G,GS,MP,FG,FGA,FG%,3P,3PA,3P%,2P,2PA,2P%,eFG%,FT,FTA,FT%,ORB,DRB,TRB,AST,STL,BLK,TOV,PF,PTS
521,Lonnie Walker IV,SG,25,BRK,51,0,17.3,3.7,8.5,.430,1.9,4.7,.397,1.8,3.8,.472,.540,0.8,1.0,.774,0.2,1.9,2.1,1.2,0.6,0.3,0.9,1.3,10.0
522,Cason Wallace,SG,20,OKC,71,9,20.5,2.6,5.3,.497,1.2,2.9,.413,1.4,2.4,.600,.610,0.4,0.5,.758,0.7,1.6,2.3,1.4,0.8,0.4,0.5,1.6,6.8
523,Jordan Walsh,SF,19,BOS,6,0,6.7,0.5,1.3,.375,0.0,0.7,.000,0.5,0.7,.750,.375,0.0,0.0,,0.5,1.7,2.2,0.7,0.3,0.2,0.3,1.0,1.0
524,T.J. Warren,SF,30,MIN,7,0,14.0,1.9,4.9,.382,0.3,1.6,.182,1.6,3.3,.478,.412,0.1,0.3,.500,0.7,1.6,2.3,1.0,0.4,0.1,0.6,1.4,4.1
525,P.J. Washington,PF,25,TOT,64,36,30.1,4.8,11.0,.436,1.7,5.5,.310,3.1,5.5,.561,.513,1.4,2.0,.693,1.2,4.3,5.5,1.9,0.9,0.8,1.3,2.4,12.7
525,P.J. Washington,PF,25,CHO,44,17,29.2,5.2,11.6,.446,1.8,5.5,.324,3.4,6.0,.558,.524,1.5,2.1,.713,1.2,4.1,5.3,2.2,0.9,0.7,1.5,2.5,13.6
525,P.J. Washington,PF,25,DAL,20,19,32.0,4.1,9.9,.409,1.5,5.4,.278,2.6,4.5,.567,.485,1.1,1.7,.636,1.2,4.8,6.0,1.3,1.0,0.9,1.0,2.0,10.7
526,TyTy Washington Jr.,PG,22,MIL,5,0,4.2,0.2,1.4,.143,0.2,0.6,.333,0.0,0.8,.000,.214,0.0,0.0,,0.0,0.2,0.2,0.2,0.4,0.0,0.4,0.0,0.6
527,Yuta Watanabe,SF,29,TOT,34,0,13.6,1.2,3.4,.353,0.7,2.5,.294,0.5,0.9,.516,.461,0.3,0.5,.588,0.3,1.3,1.6,0.4,0.4,0.2,0.6,1.1,3.4
527,Yuta Watanabe,SF,29,PHO,29,0,13.2,1.2,3.3,.361,0.8,2.6,.320,0.4,0.8,.500,.485,0.3,0.5,.667,0.4,1.2,1.6,0.3,0.3,0.2,0.6,1.2,3.6
527,Yuta Watanabe,SF,29,MEM,5,0,16.4,1.2,3.8,.316,0.2,2.0,.100,1.0,1.8,.556,.342,0.0,0.4,.000,0.0,1.8,1.8,1.0,0.6,0.0,0.6,1.0,2.6
528,Lindy Waters III,SG,26,OKC,31,0,6.4,0.9,2.2,.406,0.8,1.9,.417,0.1,0.3,.333,.587,0.0,0.0,1.000,0.1,0.8,1.0,0.5,0.1,0.2,0.2,0.6,2.6
529,Trendon Watford,PF,23,BRK,53,0,11.3,2.2,4.2,.529,0.3,0.9,.383,1.9,3.3,.568,.570,1.0,1.2,.859,0.8,1.8,2.6,1.1,0.3,0.3,0.7,1.5,5.8
530,Peyton Watson,SF,21,DEN,70,4,18.3,2.6,5.7,.460,0.6,2.0,.303,2.0,3.6,.547,.514,0.9,1.3,.681,0.7,2.4,3.0,1.0,0.5,1.0,0.7,1.8,6.7
531,Victor Wembanyama,C,20,SAS,63,63,29.0,7.5,16.2,.466,1.7,5.2,.321,5.9,11.0,.534,.517,4.0,5.0,.799,2.2,8.1,10.4,3.5,1.3,3.4,3.6,2.2,20.7
532,Blake Wesley,SG,20,SAS,51,1,13.5,1.6,3.4,.483,0.2,0.8,.195,1.5,2.6,.573,.506,0.8,1.2,.667,0.3,1.0,1.3,2.6,0.5,0.2,0.7,1.4,4.2
533,Russell Westbrook,PG,35,LAC,59,10,22.6,4.4,9.8,.453,0.6,2.4,.264,3.8,7.4,.513,.484,1.6,2.4,.676,1.4,3.7,5.1,4.5,1.1,0.4,2.0,1.8,11.1
534,Coby White,PG,23,CHI,69,68,36.6,6.8,15.3,.446,2.8,7.2,.382,4.1,8.0,.505,.537,2.9,3.4,.844,0.6,4.1,4.7,5.2,0.7,0.2,2.2,2.3,19.3
535,Derrick White,SG,29,BOS,66,66,32.6,5.4,11.7,.462,2.7,6.8,.395,2.7,4.9,.554,.576,2.0,2.2,.896,0.7,3.6,4.3,5.2,1.0,1.3,1.6,2.1,15.4
536,Cam Whitmore,SF,19,HOU,38,1,17.8,4.5,9.6,.464,1.6,4.4,.361,2.9,5.2,.553,.548,1.6,2.3,.670,0.9,3.0,3.9,0.5,0.6,0.3,0.9,1.3,12.1
537,Aaron Wiggins,SG,25,OKC,67,0,14.5,2.3,4.1,.569,0.7,1.5,.490,1.6,2.6,.614,.658,0.6,0.8,.764,0.7,1.5,2.3,0.9,0.6,0.2,0.7,1.1,6.0
538,Andrew Wiggins,SF,28,GSW,62,50,26.8,4.9,10.7,.457,1.2,3.4,.356,3.7,7.3,.503,.513,1.8,2.5,.732,1.6,2.8,4.5,1.6,0.6,0.5,1.1,2.1,12.7
539,Lindell Wigginton,PG,25,MIL,3,0,2.7,0.7,1.7,.400,0.0,0.7,.000,0.7,1.0,.667,.400,0.7,0.7,1.000,0.0,0.0,0.0,0.0,0.0,0.0,0.3,0.3,2.0
540,Alondes Williams,SG,24,MIA,3,0,3.7,0.3,1.3,.250,0.0,0.7,.000,0.3,0.7,.500,.250,0.3,0.3,1.000,0.0,0.3,0.3,0.0,0.0,0.0,0.3,0.0,1.0
Rk,Player,Pos,Age,Tm,G,GS,MP,FG,FGA,FG%,3P,3PA,3P%,2P,2PA,2P%,eFG%,FT,FTA,FT%,ORB,DRB,TRB,AST,STL,BLK,TOV,PF,PTS
541,Brandon Williams,PG,24,DAL,12,0,4.9,0.7,1.8,.364,0.2,0.5,.333,0.5,1.3,.375,.409,0.5,0.9,.545,0.3,0.3,0.6,1.0,0.1,0.1,0.3,0.2,2.0
542,Grant Williams,PF,25,TOT,67,37,27.4,3.3,7.7,.436,1.6,4.5,.361,1.7,3.2,.542,.542,1.3,1.7,.772,1.1,2.9,4.0,1.9,0.6,0.5,1.4,2.9,9.6
542,Grant Williams,PF,25,DAL,47,33,26.4,2.8,6.7,.413,1.7,4.5,.376,1.1,2.3,.486,.538,0.9,1.2,.745,1.0,2.6,3.6,1.7,0.5,0.6,1.1,2.9,8.1
542,Grant Williams,PF,25,CHO,20,4,29.8,4.7,9.9,.472,1.5,4.6,.326,3.2,5.3,.600,.548,2.4,3.0,.797,1.4,3.5,4.9,2.3,0.8,0.5,2.1,2.9,13.2
543,Jalen Williams,PF,22,OKC,64,64,31.6,7.6,14.1,.540,1.5,3.4,.442,6.1,10.7,.571,.593,2.6,3.2,.820,0.5,3.4,4.0,4.5,1.1,0.6,1.7,2.6,19.3
544,Jaylin Williams,C,21,OKC,58,0,12.4,1.2,3.1,.396,0.7,2.0,.364,0.5,1.1,.453,.514,0.4,0.5,.821,0.5,2.7,3.2,1.3,0.4,0.4,0.4,1.4,3.6
545,Jeenathan Williams,SG,24,HOU,17,0,5.5,1.0,2.1,.486,0.1,0.2,.250,0.9,1.8,.516,.500,0.4,0.6,.700,0.6,0.4,0.9,0.4,0.2,0.0,0.1,0.6,2.5
546,Kenrich Williams,PF,29,OKC,58,1,14.3,1.7,3.8,.459,0.8,2.0,.385,0.9,1.7,.545,.562,0.1,0.2,.417,0.8,2.1,2.9,1.3,0.6,0.1,0.3,1.4,4.3
547,Mark Williams,C,22,CHO,19,19,26.7,5.2,7.9,.649,0.0,0.0,,5.2,7.9,.649,.649,2.4,3.4,.719,4.0,5.7,9.7,1.2,0.8,1.1,0.9,2.6,12.7
548,Patrick Williams,PF,22,CHI,43,30,27.3,3.7,8.3,.443,1.4,3.4,.399,2.3,4.9,.474,.525,1.2,1.5,.788,1.1,2.8,3.9,1.5,0.9,0.8,1.3,2.0,10.0
549,Robert Williams,C,26,POR,6,0,19.8,2.8,4.3,.654,0.0,0.0,,2.8,4.3,.654,.654,1.2,1.5,.778,1.8,4.5,6.3,0.8,1.2,1.2,1.2,2.8,6.8
550,Vince Williams Jr.,SG,23,MEM,52,33,27.6,3.3,7.3,.446,1.5,4.0,.378,1.7,3.3,.529,.550,2.0,2.5,.800,1.1,4.4,5.6,3.4,0.9,0.7,1.8,2.6,10.0
551,Ziaire Williams,SF,22,MEM,51,15,20.4,2.9,7.4,.397,1.1,3.7,.307,1.8,3.7,.487,.474,1.2,1.5,.827,0.7,2.8,3.5,1.5,0.7,0.2,1.3,1.7,8.2
552,Zion Williamson,PF,23,NOP,61,61,31.0,8.9,15.2,.586,0.1,0.2,.357,8.8,15.0,.589,.588,4.8,6.8,.705,1.8,4.1,5.8,5.1,1.0,0.6,2.7,2.3,22.7
553,D.J. Wilson,PF,27,PHI,2,0,7.5,2.0,3.0,.667,1.0,1.0,1.000,1.0,2.0,.500,.833,0.0,0.0,,0.5,0.5,1.0,1.0,0.0,1.0,0.0,0.5,5.0
554,Jalen Wilson,PF,23,BRK,33,2,14.3,1.6,3.9,.422,0.5,1.5,.333,1.1,2.3,.481,.488,0.9,1.0,.906,1.1,1.6,2.7,1.1,0.2,0.0,0.4,1.1,4.7
555,Dylan Windler,SF,27,TOT,14,0,4.4,0.5,1.1,.438,0.4,1.0,.429,0.1,0.1,.500,.625,0.0,0.0,,0.1,0.6,0.6,0.6,0.1,0.0,0.1,0.4,1.4
555,Dylan Windler,SF,27,NYK,3,0,2.3,0.3,0.7,.500,0.3,0.7,.500,0.0,0.0,,.750,0.0,0.0,,0.0,0.3,0.3,0.3,0.0,0.0,0.0,0.3,1.0
555,Dylan Windler,SF,27,LAL,8,0,3.5,0.5,1.1,.444,0.5,1.0,.500,0.0,0.1,.000,.667,0.0,0.0,,0.0,0.4,0.4,0.8,0.0,0.0,0.0,0.3,1.5
555,Dylan Windler,SF,27,ATL,3,0,8.7,0.7,1.7,.400,0.3,1.3,.250,0.3,0.3,1.000,.500,0.0,0.0,,0.3,1.3,1.7,0.7,0.3,0.0,0.3,0.7,1.7
556,James Wiseman,C,22,DET,53,3,16.1,3.0,4.6,.649,0.0,0.0,.000,3.0,4.6,.654,.649,1.0,1.5,.688,1.7,3.3,5.1,0.8,0.2,0.6,1.0,2.2,7.0
557,Christian Wood,PF,28,LAL,50,1,17.4,2.5,5.3,.466,0.7,2.3,.307,1.8,3.0,.587,.532,1.3,1.9,.702,0.8,4.3,5.1,1.0,0.3,0.7,1.0,1.4,6.9
558,Delon Wright,PG,31,TOT,42,1,15.0,1.5,3.9,.372,0.4,1.3,.327,1.0,2.6,.394,.427,0.7,0.9,.795,0.4,1.5,1.9,2.5,1.0,0.2,0.3,0.6,4.1
558,Delon Wright,PG,31,WAS,33,0,13.8,1.5,3.7,.393,0.4,1.2,.368,1.0,2.5,.405,.451,0.7,0.9,.828,0.4,1.4,1.8,2.5,1.1,0.2,0.3,0.7,4.1
558,Delon Wright,PG,31,MIA,9,1,19.6,1.4,4.7,.310,0.4,1.9,.235,1.0,2.8,.360,.357,0.8,1.1,.700,0.4,1.7,2.1,2.3,0.8,0.1,0.1,0.4,4.1
559,Thaddeus Young,PF,35,TOT,28,6,13.9,2.1,3.5,.606,0.0,0.2,.167,2.1,3.3,.634,.611,0.2,0.5,.357,1.4,1.8,3.1,1.9,0.7,0.2,0.5,1.5,4.5
559,Thaddeus Young,PF,35,TOR,23,6,15.2,2.3,3.8,.621,0.0,0.3,.167,2.3,3.5,.654,.626,0.2,0.5,.417,1.3,2.0,3.3,2.2,0.8,0.1,0.5,1.7,5.0
559,Thaddeus Young,PF,35,PHO,5,0,7.8,1.2,2.4,.500,0.0,0.0,,1.2,2.4,.500,.500,0.0,0.4,.000,1.8,0.8,2.6,0.6,0.4,0.4,0.4,0.8,2.4
560,Trae Young,PG,25,ATL,51,51,36.5,8.2,19.3,.426,3.3,8.9,.371,4.9,10.3,.473,.512,6.6,7.8,.856,0.4,2.3,2.7,10.8,1.4,0.2,4.3,2.1,26.4
Rk,Player,Pos,Age,Tm,G,GS,MP,FG,FGA,FG%,3P,3PA,3P%,2P,2PA,2P%,eFG%,FT,FTA,FT%,ORB,DRB,TRB,AST,STL,BLK,TOV,PF,PTS
561,Omer Yurtseven,C,25,UTA,39,6,9.2,1.6,2.8,.555,0.1,0.5,.263,1.4,2.3,.615,.577,0.3,0.5,.619,1.2,2.4,3.6,0.5,0.1,0.4,0.7,1.1,3.6
562,Cody Zeller,C,31,NOP,40,0,7.6,0.6,1.5,.417,0.0,0.1,.333,0.6,1.4,.421,.425,0.6,1.0,.605,1.2,1.6,2.7,0.9,0.2,0.1,0.4,1.1,1.9
563,Ivica Zubac,C,26,LAC,59,59,26.2,4.8,7.4,.654,0.0,0.0,,4.8,7.4,.654,.654,1.7,2.4,.694,2.9,6.2,9.1,1.4,0.3,1.2,1.2,2.7,11.3
